,prediction,mean_prediction,weighted_prediction
0,[[0. 1. 0. 0. 0.]],[0. 1. 0. 0. 0.],[0. 1. 0. 0. 0.]
1,[[1. 0. 0. 0. 0.]],[0.5 0.5 0.  0.  0. ],[0.47502081 0.52497919 0.         0.         0.        ]
2,[[1. 0. 0. 0. 0.]],[0.66666667 0.33333333 0.         0.         0.        ],[0.6328346 0.3671654 0.        0.        0.       ]
3,[[0. 0. 0. 1. 0.]],[0.5  0.25 0.   0.25 0.  ],[0.49751037 0.28865141 0.         0.21383822 0.        ]
4,[[1. 0. 0. 0. 0.]],[0.6 0.2 0.  0.2 0. ],[0.67070528 0.18916088 0.         0.14013383 0.        ]
5,[[1. 0. 0. 0. 0.]],[0.66666667 0.16666667 0.         0.16666667 0.        ],[0.6328346  0.12182997 0.         0.24533543 0.        ]
6,[[0. 1. 0. 0. 0.]],[0.57142857 0.28571429 0.         0.14285714 0.        ],[0.59434049 0.22435136 0.         0.18130816 0.        ]
7,[[0. 1. 0. 0. 0.]],[0.5   0.375 0.    0.125 0.   ],[0.58209546 0.2741823  0.         0.14372224 0.        ]
8,[[1. 0. 0. 0. 0.]],[0.55555556 0.33333333 0.         0.11111111 0.        ],[0.5532021  0.32800017 0.         0.11879773 0.        ]
9,[[1. 0. 0. 0. 0.]],[0.6 0.3 0.  0.1 0. ],[0.62046529 0.27862139 0.         0.10091332 0.        ]
10,[[1. 0. 0. 0. 0.]],[0.7 0.2 0.  0.1 0. ],[0.7798386  0.12885125 0.         0.09131015 0.        ]
11,[[1. 0. 0. 0. 0.]],[0.7 0.2 0.  0.1 0. ],[0.70562715 0.21175201 0.         0.08262084 0.        ]
12,[[0. 0. 0. 1. 0.]],[0.6 0.2 0.  0.2 0. ],[0.555857   0.28676373 0.         0.15737927 0.        ]
13,[[0. 0. 0. 1. 0.]],[0.6 0.2 0.  0.2 0. ],[0.5981228  0.25947455 0.         0.14240265 0.        ]
14,[[1. 0. 0. 0. 0.]],[0.6 0.2 0.  0.2 0. ],[0.63636647 0.23478228 0.         0.12885125 0.        ]
15,[[0. 0. 0. 1. 0.]],[0.5 0.2 0.  0.3 0. ],[0.45255238 0.21243979 0.         0.33500782 0.        ]
16,[[0. 0. 0. 1. 0.]],[0.5 0.1 0.  0.4 0. ],[0.40948633 0.09131015 0.         0.49920352 0.        ]
17,[[0. 1. 0. 0. 0.]],[0.5 0.1 0.  0.4 0. ],[0.46568113 0.08262084 0.         0.45169802 0.        ]
18,[[0. 0. 0. 1. 0.]],[0.4 0.1 0.  0.5 0. ],[0.44888407 0.07475843 0.         0.4763575  0.        ]
19,[[0. 0. 0. 1. 0.]],[0.3 0.1 0.  0.6 0. ],[0.3507847  0.06764422 0.         0.58157108 0.        ]
20,[[0. 0. 0. 0. 1.]],[0.2 0.1 0.  0.6 0.1],[0.19414731 0.06120702 0.         0.62138985 0.12325581]
21,[[0. 0. 0. 1. 0.]],[0.1 0.1 0.  0.7 0.1],[0.07475843 0.15054499 0.         0.66317011 0.11152647]
22,[[1. 0. 0. 0. 0.]],[0.2 0.1 0.  0.6 0.1],[0.15026506 0.13621874 0.         0.61260287 0.10091332]
23,[[0. 0. 0. 1. 0.]],[0.2 0.1 0.  0.6 0.1],[0.13596545 0.12325581 0.         0.64946858 0.09131015]
24,[[0. 1. 0. 0. 0.]],[0.1 0.2 0.  0.6 0.1],[0.06764422 0.26207146 0.         0.58766348 0.08262084]
25,[[1. 0. 0. 0. 0.]],[0.2 0.2 0.  0.5 0.1],[0.18446284 0.23713206 0.         0.50364667 0.07475843]
26,[[1. 0. 0. 0. 0.]],[0.3 0.2 0.  0.4 0.1],[0.36298478 0.21456596 0.         0.35480503 0.06764422]
27,[[1. 0. 0. 0. 0.]],[0.4 0.1 0.  0.4 0.1],[0.41106305 0.11152647 0.         0.41620345 0.06120702]
28,[[1. 0. 0. 0. 0.]],[0.5 0.1 0.  0.3 0.1],[0.43958946 0.10091332 0.         0.30895223 0.15054499]
29,[[1. 0. 0. 0. 0.]],[0.6 0.1 0.  0.2 0.1],[0.54830198 0.09131015 0.         0.22416913 0.13621874]
30,[[1. 0. 0. 0. 0.]],[0.7 0.1 0.  0.2 0. ],[0.71454254 0.08262084 0.         0.20283662 0.        ]
31,[[1. 0. 0. 0. 0.]],[0.8 0.1 0.  0.1 0. ],[0.84262073 0.07475843 0.         0.08262084 0.        ]
32,[[1. 0. 0. 0. 0.]],[0.8 0.1 0.  0.1 0. ],[0.85759735 0.06764422 0.         0.07475843 0.        ]
33,[[0. 1. 0. 0. 0.]],[0.8 0.2 0.  0.  0. ],[0.87114875 0.12885125 0.         0.         0.        ]
34,[[0. 1. 0. 0. 0.]],[0.8 0.2 0.  0.  0. ],[0.78824799 0.21175201 0.         0.         0.        ]
35,[[0. 1. 0. 0. 0.]],[0.7 0.3 0.  0.  0. ],[0.58998046 0.41001954 0.         0.         0.        ]
36,[[0. 0. 0. 0. 1.]],[0.6 0.3 0.  0.  0.1],[0.52808566 0.37100102 0.         0.         0.10091332]
37,[[1. 0. 0. 0. 0.]],[0.6 0.3 0.  0.  0.1],[0.57299424 0.3356956  0.         0.         0.09131015]
38,[[1. 0. 0. 0. 0.]],[0.6 0.3 0.  0.  0.1],[0.61362921 0.30374994 0.         0.         0.08262084]
39,[[1. 0. 0. 0. 0.]],[0.6 0.3 0.  0.  0.1],[0.65039726 0.27484432 0.         0.         0.07475843]
40,[[0. 0. 1. 0. 0.]],[0.5 0.3 0.1 0.  0.1],[0.56041054 0.24868942 0.12325581 0.         0.06764422]
41,[[0. 0. 0. 1. 0.]],[0.4 0.3 0.1 0.1 0.1],[0.50132969 0.22502349 0.11152647 0.10091332 0.06120702]
42,[[0. 0. 0. 1. 0.]],[0.3 0.3 0.1 0.2 0.1],[0.37100102 0.20360968 0.10091332 0.17393099 0.15054499]
43,[[0. 0. 0. 0. 1.]],[0.3 0.2 0.1 0.2 0.2],[0.3356956  0.21175201 0.09131015 0.15737927 0.20386296]
44,[[1. 0. 0. 0. 0.]],[0.4 0.1 0.1 0.2 0.2],[0.45429493 0.13621874 0.08262084 0.14240265 0.18446284]
45,[[1. 0. 0. 0. 0.]],[0.5 0.  0.1 0.2 0.2],[0.53431887 0.         0.07475843 0.12885125 0.26207146]
46,[[0. 0. 0. 0. 1.]],[0.5 0.  0.1 0.2 0.2],[0.4834717  0.         0.06764422 0.21175201 0.23713206]
47,[[1. 0. 0. 0. 0.]],[0.5 0.  0.1 0.2 0.2],[0.43746329 0.         0.06120702 0.28676373 0.21456596]
48,[[0. 1. 0. 0. 0.]],[0.4 0.1 0.1 0.2 0.2],[0.32818893 0.06764422 0.15054499 0.25947455 0.19414731]
49,[[0. 0. 0. 0. 1.]],[0.3 0.1 0.1 0.2 0.3],[0.24157522 0.06120702 0.13621874 0.23478228 0.32621674]
50,[[0. 0. 0. 0. 1.]],[0.3 0.1 0.  0.2 0.4],[0.21858629 0.15054499 0.         0.21243979 0.41842892]
51,[[0. 0. 0. 1. 0.]],[0.3 0.1 0.  0.2 0.4],[0.29294764 0.13621874 0.         0.19222347 0.37861015]
52,[[0. 0. 0. 1. 0.]],[0.3 0.1 0.  0.2 0.4],[0.26506999 0.12325581 0.         0.17393099 0.43774321]
53,[[0. 1. 0. 0. 0.]],[0.3 0.2 0.  0.2 0.3],[0.33500782 0.17917069 0.         0.15737927 0.32844221]
54,[[0. 1. 0. 0. 0.]],[0.2 0.3 0.  0.2 0.3],[0.24774521 0.31266534 0.         0.14240265 0.2971868 ]
55,[[0. 0. 0. 0. 1.]],[0.1 0.3 0.  0.2 0.4],[0.10091332 0.37807388 0.         0.12885125 0.39216155]
56,[[0. 0. 0. 1. 0.]],[0.1 0.3 0.  0.3 0.3],[0.09131015 0.34209539 0.         0.31266534 0.25392912]
57,[[0. 0. 1. 0. 0.]],[0.  0.3 0.1 0.3 0.3],[0.         0.30954071 0.08262084 0.37807388 0.22976457]
58,[[0. 1. 0. 0. 0.]],[0.  0.3 0.1 0.3 0.3],[0.         0.28008402 0.07475843 0.34209539 0.30306216]
59,[[0. 0. 0. 1. 0.]],[0.  0.3 0.1 0.4 0.2],[0.         0.2534305  0.06764422 0.4600857  0.21883958]
60,[[1. 0. 0. 0. 0.]],[0.1 0.3 0.1 0.4 0.1],[0.12325581 0.32447598 0.06120702 0.41630276 0.07475843]
61,[[1. 0. 0. 0. 0.]],[0.2 0.3 0.1 0.3 0.1],[0.21243979 0.29359801 0.15054499 0.27577299 0.06764422]
62,[[1. 0. 0. 0. 0.]],[0.3 0.3 0.1 0.2 0.1],[0.27484432 0.26565846 0.13621874 0.26207146 0.06120702]
63,[[0. 0. 0. 0. 1.]],[0.3 0.2 0.1 0.2 0.2],[0.24868942 0.17273349 0.12325581 0.23713206 0.21818921]
64,[[0. 1. 0. 0. 0.]],[0.3 0.2 0.1 0.2 0.2],[0.22502349 0.25145831 0.11152647 0.21456596 0.19742576]
65,[[0. 0. 0. 0. 1.]],[0.3 0.2 0.1 0.2 0.2],[0.20360968 0.22752889 0.10091332 0.19414731 0.2738008 ]
66,[[0. 0. 0. 0. 1.]],[0.3 0.2 0.1 0.1 0.3],[0.27939624 0.20587665 0.09131015 0.07475843 0.34865853]
67,[[0. 0. 0. 0. 1.]],[0.3 0.2 0.  0.1 0.4],[0.34797075 0.1862849  0.         0.06764422 0.39810013]
68,[[0. 0. 0. 0. 1.]],[0.3 0.1 0.  0.1 0.5],[0.41001954 0.10091332 0.         0.06120702 0.42786011]
69,[[0. 0. 0. 1. 0.]],[0.3 0.1 0.  0.1 0.5],[0.37100102 0.09131015 0.         0.15054499 0.38714384]
70,[[1. 0. 0. 0. 0.]],[0.3 0.1 0.  0.1 0.5],[0.3356956  0.08262084 0.         0.13621874 0.44546482]
71,[[1. 0. 0. 0. 0.]],[0.3 0.1 0.  0.1 0.5],[0.30374994 0.07475843 0.         0.12325581 0.49823582]
72,[[0. 0. 1. 0. 0.]],[0.2 0.1 0.1 0.1 0.5],[0.19222347 0.06764422 0.08262084 0.11152647 0.54598499]
73,[[1. 0. 0. 0. 0.]],[0.3 0.1 0.1 0.1 0.4],[0.24157522 0.06120702 0.07475843 0.10091332 0.52154601]
74,[[1. 0. 0. 0. 0.]],[0.4 0.  0.1 0.1 0.4],[0.36913128 0.         0.06764422 0.09131015 0.47191434]
75,[[1. 0. 0. 0. 0.]],[0.5 0.  0.1 0.1 0.3],[0.55242219 0.         0.06120702 0.08262084 0.30374994]
76,[[1. 0. 0. 0. 0.]],[0.6 0.  0.1 0.1 0.2],[0.60076559 0.         0.15054499 0.07475843 0.17393099]
77,[[0. 0. 0. 0. 1.]],[0.6 0.  0.1 0.1 0.2],[0.63875777 0.         0.13621874 0.06764422 0.15737927]
78,[[1. 0. 0. 0. 0.]],[0.7 0.  0.1 0.1 0.1],[0.74077874 0.         0.12325581 0.06120702 0.07475843]
79,[[0. 0. 0. 0. 1.]],[0.7 0.  0.1 0.  0.2],[0.67028432 0.         0.11152647 0.         0.21818921]
80,[[0. 1. 0. 0. 0.]],[0.6 0.1 0.1 0.  0.2],[0.5784051  0.12325581 0.10091332 0.         0.19742576]
81,[[1. 0. 0. 0. 0.]],[0.6 0.1 0.1 0.  0.2],[0.52336258 0.11152647 0.09131015 0.         0.2738008 ]
82,[[0. 0. 0. 0. 1.]],[0.6 0.1 0.  0.  0.3],[0.56872063 0.10091332 0.         0.         0.33036605]
83,[[1. 0. 0. 0. 0.]],[0.6 0.1 0.  0.  0.3],[0.60976229 0.09131015 0.         0.         0.29892756]
84,[[0. 1. 0. 0. 0.]],[0.5 0.2 0.  0.  0.3],[0.49635333 0.23316583 0.         0.         0.27048084]
85,[[1. 0. 0. 0. 0.]],[0.5 0.2 0.  0.  0.3],[0.54428164 0.21097717 0.         0.         0.24474119]
86,[[1. 0. 0. 0. 0.]],[0.5 0.2 0.  0.  0.3],[0.4924864  0.19090003 0.         0.         0.31661357]
87,[[0. 1. 0. 0. 0.]],[0.5 0.3 0.  0.  0.2],[0.5407827  0.25535434 0.         0.         0.20386296]
88,[[0. 1. 0. 0. 0.]],[0.4 0.4 0.  0.  0.2],[0.4216762  0.39386096 0.         0.         0.18446284]
89,[[0. 1. 0. 0. 0.]],[0.4 0.5 0.  0.  0.1],[0.3815484  0.50692513 0.         0.         0.11152647]
90,[[0. 0. 0. 0. 1.]],[0.4 0.4 0.  0.  0.2],[0.34523927 0.43059159 0.         0.         0.22416913]
91,[[0. 0. 0. 0. 1.]],[0.3 0.4 0.  0.  0.3],[0.21147209 0.48477797 0.         0.         0.30374994]
92,[[0. 0. 0. 0. 1.]],[0.3 0.4 0.  0.  0.3],[0.28651044 0.43864524 0.         0.         0.27484432]
93,[[1.000000e+00 2.404672e-10 0.000000e+00 0.000000e+00 0.000000e+00]],[0.3 0.4 0.  0.  0.3],[0.35440795 0.39690263 0.         0.         0.24868942]
94,[[1. 0. 0. 0. 0.]],[0.4 0.3 0.  0.  0.3],[0.47122656 0.30374994 0.         0.         0.22502349]
95,[[0. 1. 0. 0. 0.]],[0.3 0.4 0.  0.  0.3],[0.3982902  0.39810013 0.         0.         0.20360968]
96,[[0. 0. 0. 1. 0.]],[0.2 0.4 0.  0.1 0.3],[0.25947455 0.36021589 0.         0.10091332 0.27939624]
97,[[0. 0. 1. 0. 0.]],[0.2 0.3 0.1 0.1 0.3],[0.23478228 0.24331598 0.08262084 0.09131015 0.34797075]
98,[[0. 0. 0. 1. 0.]],[0.2 0.2 0.1 0.2 0.3],[0.21243979 0.15251718 0.07475843 0.15026506 0.41001954]
99,[[1. 0. 0. 0. 0.]],[0.3 0.1 0.1 0.2 0.3],[0.34276846 0.08262084 0.06764422 0.13596545 0.37100102]
100,[[1. 0. 0. 0. 0.]],[0.4 0.1 0.1 0.2 0.2],[0.43340554 0.07475843 0.06120702 0.21818921 0.21243979]
101,[[1. 0. 0. 0. 0.]],[0.5 0.1 0.1 0.2 0.1],[0.49307487 0.06764422 0.15054499 0.19742576 0.09131015]
102,[[1. 0. 0. 0. 0.]],[0.6 0.1 0.1 0.2 0. ],[0.52877344 0.06120702 0.13621874 0.2738008  0.        ]
103,[[1. 0. 0. 0. 0.]],[0.6 0.1 0.1 0.2 0. ],[0.47845399 0.15054499 0.12325581 0.24774521 0.        ]
104,[[1. 0. 0. 0. 0.]],[0.6 0.1 0.1 0.2 0. ],[0.52808566 0.13621874 0.11152647 0.22416913 0.        ]
105,[[0. 0. 0. 0. 1.]],[0.6 0.  0.1 0.2 0.1],[0.57299424 0.         0.10091332 0.20283662 0.12325581]
106,[[1. 0. 0. 0. 0.]],[0.7 0.  0.1 0.1 0.1],[0.71454254 0.         0.09131015 0.08262084 0.11152647]
107,[[0. 0. 0. 1. 0.]],[0.7 0.  0.  0.2 0.1],[0.74170741 0.         0.         0.15737927 0.10091332]
108,[[0. 0. 0. 1. 0.]],[0.7 0.  0.  0.2 0.1],[0.7662872  0.         0.         0.14240265 0.09131015]
109,[[0. 1. 0. 0. 0.]],[0.6 0.1 0.  0.2 0.1],[0.63798292 0.15054499 0.         0.12885125 0.08262084]
110,[[1. 0. 0. 0. 0.]],[0.6 0.1 0.  0.2 0.1],[0.57727082 0.13621874 0.         0.21175201 0.07475843]
111,[[0. 0. 0. 0. 1.]],[0.5 0.1 0.  0.2 0.2],[0.42142292 0.12325581 0.         0.28676373 0.16855755]
112,[[2.6159522e-15 1.0000000e+00 0.0000000e+00 0.0000000e+00 0.0000000e+00]],[0.4 0.2 0.  0.2 0.2],[0.39386096 0.19414731 0.         0.25947455 0.15251718]
113,[[1. 0. 0. 0. 0.]],[0.4 0.2 0.  0.2 0.2],[0.35638014 0.17567175 0.         0.23478228 0.23316583]
114,[[0. 0. 0. 1. 0.]],[0.3 0.2 0.  0.3 0.2],[0.26708368 0.15895437 0.         0.36298478 0.21097717]
115,[[0. 0. 0. 1. 0.]],[0.3 0.2 0.  0.4 0.1],[0.33682989 0.14382787 0.         0.45169802 0.06764422]
116,[[0. 0. 1. 0. 0.]],[0.2 0.2 0.1 0.4 0.1],[0.20386296 0.22530342 0.10091332 0.40871327 0.06120702]
117,[[0. 0. 0. 1. 0.]],[0.2 0.2 0.1 0.4 0.1],[0.18446284 0.20386296 0.09131015 0.36981906 0.15054499]
118,[[0. 0. 0. 1. 0.]],[0.2 0.2 0.1 0.4 0.1],[0.26207146 0.18446284 0.08262084 0.33462613 0.13621874]
119,[[0. 0. 0. 1. 0.]],[0.2 0.1 0.1 0.5 0.1],[0.23713206 0.11152647 0.07475843 0.45332723 0.12325581]
120,[[0. 0. 0. 1. 0.]],[0.1 0.1 0.1 0.6 0.1],[0.09131015 0.10091332 0.06764422 0.62860583 0.11152647]
121,[[0. 0. 0. 1. 0.]],[0.1 0.1 0.1 0.7 0. ],[0.08262084 0.09131015 0.06120702 0.76486198 0.        ]
122,[[1. 0. 0. 0. 0.]],[0.2 0.  0.1 0.7 0. ],[0.15737927 0.         0.15054499 0.69207574 0.        ]
123,[[1. 0. 0. 0. 0.]],[0.2 0.  0.1 0.7 0. ],[0.14240265 0.         0.13621874 0.72137861 0.        ]
124,[[1. 0. 0. 0. 0.]],[0.3 0.  0.1 0.6 0. ],[0.27939624 0.         0.12325581 0.59734795 0.        ]
125,[[1. 0. 0. 0. 0.]],[0.4 0.  0.1 0.5 0. ],[0.47122656 0.         0.11152647 0.41724697 0.        ]
126,[[1. 0. 0. 0. 0.]],[0.5 0.  0.  0.5 0. ],[0.62245933 0.         0.         0.37754067 0.        ]
127,[[0. 1. 0. 0. 0.]],[0.5 0.1 0.  0.4 0. ],[0.56322449 0.08262084 0.         0.35415466 0.        ]
128,[[0. 0. 1. 0. 0.]],[0.5 0.1 0.1 0.3 0. ],[0.5096266  0.07475843 0.06764422 0.34797075 0.        ]
129,[[1. 0. 0. 0. 0.]],[0.6 0.1 0.1 0.2 0. ],[0.6116742  0.06764422 0.06120702 0.25947455 0.        ]
130,[[1. 0. 0. 0. 0.]],[0.7 0.1 0.1 0.1 0. ],[0.67672152 0.06120702 0.15054499 0.11152647 0.        ]
131,[[1. 0. 0. 0. 0.]],[0.8 0.1 0.1 0.  0. ],[0.71323627 0.15054499 0.13621874 0.         0.        ]
132,[[0. 0. 0. 1. 0.]],[0.7 0.1 0.1 0.1 0. ],[0.65790461 0.13621874 0.12325581 0.08262084 0.        ]
133,[[0. 0. 0. 1. 0.]],[0.6 0.1 0.1 0.2 0. ],[0.62281507 0.12325581 0.11152647 0.14240265 0.        ]
134,[[0. 0. 0. 1. 0.]],[0.5 0.1 0.1 0.3 0. ],[0.50816397 0.11152647 0.10091332 0.27939624 0.        ]
135,[[0. 0. 0. 1. 0.]],[0.4 0.1 0.1 0.4 0. ],[0.33654996 0.10091332 0.09131015 0.47122656 0.        ]
136,[[0. 0. 0. 1. 0.]],[0.3 0.1 0.1 0.5 0. ],[0.20360968 0.09131015 0.08262084 0.62245933 0.        ]
137,[[0. 0. 0. 0. 1.]],[0.3 0.  0.1 0.5 0.1],[0.27939624 0.         0.07475843 0.56322449 0.08262084]
138,[[0. 0. 0. 1. 0.]],[0.3 0.  0.  0.6 0.1],[0.34797075 0.         0.         0.57727082 0.07475843]
139,[[0. 0. 0. 1. 0.]],[0.2 0.  0.  0.7 0.1],[0.25947455 0.         0.         0.67288123 0.06764422]
140,[[0. 0. 0. 1. 0.]],[0.1 0.  0.  0.8 0.1],[0.11152647 0.         0.         0.82726651 0.06120702]
141,[[0. 0. 0. 1. 0.]],[0.  0.  0.  0.9 0.1],[0.         0.         0.         0.84945501 0.15054499]
142,[[0. 0. 0. 1. 0.]],[0.  0.  0.  0.9 0.1],[0.         0.         0.         0.86378126 0.13621874]
143,[[0. 0. 0. 1. 0.]],[0.  0.  0.  0.9 0.1],[0.         0.         0.         0.87674419 0.12325581]
144,[[0. 0. 0. 1. 0.]],[0.  0.  0.  0.9 0.1],[0.         0.         0.         0.88847353 0.11152647]
145,[[0. 0. 0. 1. 0.]],[0.  0.  0.  0.9 0.1],[0.         0.         0.         0.89908668 0.10091332]
146,[[0. 0. 0. 1. 0.]],[0.  0.  0.  0.9 0.1],[0.         0.         0.         0.90868985 0.09131015]
147,[[0. 0. 0. 1. 0.]],[0. 0. 0. 1. 0.],[0. 0. 0. 1. 0.]
148,[[0. 0. 0. 1. 0.]],[0. 0. 0. 1. 0.],[0. 0. 0. 1. 0.]
149,[[0. 0. 0. 1. 0.]],[0. 0. 0. 1. 0.],[0. 0. 0. 1. 0.]
150,[[0. 0. 0. 1. 0.]],[0. 0. 0. 1. 0.],[0. 0. 0. 1. 0.]
151,[[0.000000e+00 0.000000e+00 0.000000e+00 7.249567e-23 1.000000e+00]],[0.  0.  0.  0.9 0.1],[0.         0.         0.         0.89908668 0.10091332]
152,[[0. 0. 0. 0. 1.]],[0.  0.  0.  0.8 0.2],[0.         0.         0.         0.82606901 0.17393099]
153,[[0. 1. 0. 0. 0.]],[0.  0.1 0.  0.7 0.2],[0.         0.06764422 0.         0.77497651 0.15737927]
154,[[0. 0. 0. 1. 0.]],[0.  0.1 0.  0.7 0.2],[0.         0.06120702 0.         0.79639032 0.14240265]
155,[[0. 1. 0. 0. 0.]],[0.  0.2 0.  0.6 0.2],[0.         0.2738008  0.         0.59734795 0.12885125]
156,[[0. 1. 0. 0. 0.]],[0.  0.3 0.  0.5 0.2],[0.         0.34865853 0.         0.43958946 0.21175201]
157,[[0. 0. 0. 1. 0.]],[0.  0.3 0.  0.5 0.2],[0.         0.31547929 0.         0.39775699 0.28676373]
158,[[0. 1. 0. 0. 0.]],[0.  0.4 0.  0.4 0.2],[0.         0.35310169 0.         0.38742376 0.25947455]
159,[[0. 0. 0. 1. 0.]],[0.  0.4 0.  0.4 0.2],[0.         0.31949962 0.         0.4457181  0.23478228]
160,[[0. 0. 0. 1. 0.]],[0.  0.4 0.  0.4 0.2],[0.         0.38425779 0.         0.40330242 0.21243979]
161,[[0. 0. 0. 1. 0.]],[0.  0.4 0.  0.5 0.1],[0.         0.34769083 0.         0.56099902 0.09131015]
162,[[0. 1. 0. 0. 0.]],[0.  0.5 0.  0.5 0. ],[0.         0.49238709 0.         0.50761291 0.        ]
163,[[0. 1. 0. 0. 0.]],[0.  0.5 0.  0.5 0. ],[0.         0.54069285 0.         0.45930715 0.        ]
164,[[0. 0. 0. 0. 1.]],[0.  0.5 0.  0.4 0.1],[0.         0.48923912 0.         0.36021589 0.15054499]
165,[[0. 0. 0. 1. 0.]],[0.  0.4 0.  0.5 0.1],[0.         0.41458863 0.         0.44919263 0.13621874]
166,[[0. 0. 0. 1. 0.]],[0.  0.3 0.  0.6 0.1],[0.         0.36938457 0.         0.50735962 0.12325581]
167,[[0. 0. 0. 1. 0.]],[0.  0.3 0.  0.6 0.1],[0.         0.33423298 0.         0.55424055 0.11152647]
168,[[0. 0. 0. 1. 0.]],[0.  0.2 0.  0.7 0.1],[0.         0.23478228 0.         0.6643044  0.10091332]
169,[[0. 1. 0. 0. 0.]],[0.  0.3 0.  0.6 0.1],[0.         0.36298478 0.         0.54570507 0.09131015]
170,[[1. 0. 0. 0. 0.]],[0.1 0.3 0.  0.5 0.1],[0.12325581 0.32844221 0.         0.46568113 0.08262084]
171,[[0. 1. 0. 0. 0.]],[0.1 0.4 0.  0.4 0.1],[0.11152647 0.39810013 0.         0.41561497 0.07475843]
172,[[0. 1. 0. 0. 0.]],[0.1 0.4 0.  0.4 0.1],[0.10091332 0.36021589 0.         0.47122656 0.06764422]
173,[[0. 0. 0. 1. 0.]],[0.1 0.3 0.  0.5 0.1],[0.09131015 0.25829259 0.         0.58919023 0.06120702]
174,[[0. 1. 0. 0. 0.]],[0.1 0.4 0.  0.5 0. ],[0.08262084 0.38425779 0.         0.53312137 0.        ]
175,[[1. 0. 0. 0. 0.]],[0.2 0.4 0.  0.4 0. ],[0.19801424 0.34769083 0.         0.45429493 0.        ]
176,[[0. 1. 0. 0. 0.]],[0.2 0.5 0.  0.3 0. ],[0.17917069 0.51067958 0.         0.31014973 0.        ]
177,[[0. 0. 0. 1. 0.]],[0.2 0.5 0.  0.3 0. ],[0.16212035 0.55724457 0.         0.28063508 0.        ]
178,[[0. 0. 0. 1. 0.]],[0.2 0.5 0.  0.3 0. ],[0.24185514 0.50421574 0.         0.25392912 0.        ]
179,[[0. 0. 0. 1. 0.]],[0.2 0.4 0.  0.4 0. ],[0.21883958 0.40085086 0.         0.38030956 0.        ]
180,[[0. 0. 0. 1. 0.]],[0.1 0.4 0.  0.5 0. ],[0.07475843 0.36270486 0.         0.56253671 0.        ]
181,[[0. 0. 0. 1. 0.]],[0.1 0.3 0.  0.6 0. ],[0.06764422 0.2272756  0.         0.70508017 0.        ]
182,[[0. 0. 0. 1. 0.]],[0.1 0.2 0.  0.7 0. ],[0.06120702 0.21818921 0.         0.72060376 0.        ]
183,[[0. 0. 0. 1. 0.]],[0.1 0.2 0.  0.7 0. ],[0.15054499 0.19742576 0.         0.65202925 0.        ]
184,[[0. 0. 0. 1. 0.]],[0.1 0.1 0.  0.8 0. ],[0.13621874 0.12325581 0.         0.74052545 0.        ]
185,[[0. 1. 0. 0. 0.]],[0.  0.2 0.  0.8 0. ],[0.         0.23478228 0.         0.76521772 0.        ]
186,[[0. 0. 0. 1. 0.]],[0.  0.1 0.  0.9 0. ],[0.         0.11152647 0.         0.88847353 0.        ]
187,[[0. 0. 0. 0. 1.]],[0.  0.1 0.  0.8 0.1],[0.         0.10091332 0.         0.81646584 0.08262084]
188,[[0. 1. 0. 0. 0.]],[0.  0.2 0.  0.7 0.1],[0.         0.15895437 0.         0.7662872  0.07475843]
189,[[0. 1. 0. 0. 0.]],[0.  0.3 0.  0.6 0.1],[0.         0.29437285 0.         0.63798292 0.06764422]
190,[[0.0000000e+00 0.0000000e+00 0.0000000e+00 1.7763173e-24 1.0000000e+00]],[0.  0.3 0.  0.5 0.2],[0.         0.36152215 0.         0.45401501 0.18446284]
191,[[0. 1. 0. 0. 0.]],[0.  0.4 0.  0.4 0.2],[0.         0.4280321  0.         0.30989645 0.26207146]
192,[[0. 1. 0. 0. 0.]],[0.  0.5 0.  0.3 0.2],[0.         0.4699203  0.         0.29294764 0.23713206]
193,[[0. 0. 0. 1. 0.]],[0.  0.5 0.  0.3 0.2],[0.         0.52036405 0.         0.26506999 0.21456596]
194,[[0. 0. 0. 1. 0.]],[0.  0.5 0.  0.3 0.2],[0.         0.47084486 0.         0.33500782 0.19414731]
195,[[0. 1. 0. 0. 0.]],[0.  0.5 0.  0.3 0.2],[0.         0.42603805 0.         0.3982902  0.17567175]
196,[[0. 0. 0. 1. 0.]],[0.  0.5 0.  0.3 0.2],[0.         0.48065775 0.         0.36038787 0.15895437]
197,[[0. 0. 0. 1. 0.]],[0.  0.5 0.  0.4 0.1],[0.         0.5300797  0.         0.40871327 0.06120702]
198,[[0. 1. 0. 0. 0.]],[0.  0.5 0.  0.4 0.1],[0.         0.47963595 0.         0.36981906 0.15054499]
199,[[0. 0. 0. 1. 0.]],[0.  0.4 0.  0.5 0.1],[0.         0.37861015 0.         0.48517111 0.13621874]
200,[[0. 0. 0. 0. 1.]],[0.  0.4 0.  0.5 0.1],[0.         0.43774321 0.         0.43900098 0.12325581]
201,[[0. 0. 0. 1. 0.]],[0.  0.3 0.  0.6 0.1],[0.         0.29517311 0.         0.59330042 0.11152647]
202,[[1. 0. 0. 0. 0.]],[0.1 0.2 0.  0.6 0.1],[0.08262084 0.18446284 0.         0.632003   0.10091332]
203,[[0. 0. 0. 1. 0.]],[0.1 0.2 0.  0.6 0.1],[0.07475843 0.26207146 0.         0.57185996 0.09131015]
204,[[0. 0. 0. 1. 0.]],[0.1 0.2 0.  0.6 0.1],[0.06764422 0.23713206 0.         0.61260287 0.08262084]
205,[[0. 0. 0. 1. 0.]],[0.1 0.1 0.  0.7 0.1],[0.06120702 0.09131015 0.         0.7727244  0.07475843]
206,[[0. 0. 0. 0. 1.]],[0.1 0.1 0.  0.6 0.2],[0.15054499 0.08262084 0.         0.59827662 0.16855755]
207,[[0. 0. 0. 1. 0.]],[0.1 0.1 0.  0.6 0.2],[0.13621874 0.07475843 0.         0.63650566 0.15251718]
208,[[0. 0. 0. 1. 0.]],[0.1 0.  0.  0.7 0.2],[0.12325581 0.         0.         0.64357836 0.23316583]
209,[[0. 0. 0. 1. 0.]],[0.1 0.  0.  0.7 0.2],[0.11152647 0.         0.         0.67749636 0.21097717]
210,[[0. 0. 0. 1. 0.]],[0.1 0.  0.  0.8 0.1],[0.10091332 0.         0.         0.83144245 0.06764422]
211,[[1. 0. 0. 0. 0.]],[0.2 0.  0.  0.7 0.1],[0.19222347 0.         0.         0.7465695  0.06120702]
212,[[0. 1. 0. 0. 0.]],[0.1 0.1 0.  0.7 0.1],[0.09131015 0.08262084 0.         0.67552402 0.15054499]
213,[[0. 0. 0. 1. 0.]],[0.1 0.1 0.  0.7 0.1],[0.08262084 0.07475843 0.         0.70640199 0.13621874]
214,[[1. 0. 0. 0. 0.]],[0.2 0.1 0.  0.6 0.1],[0.22530342 0.06764422 0.         0.58379655 0.12325581]
215,[[0. 0. 0. 1. 0.]],[0.2 0.1 0.  0.6 0.1],[0.20386296 0.06120702 0.         0.62340354 0.11152647]
216,[[1. 0. 0. 0. 0.]],[0.3 0.1 0.  0.6 0. ],[0.28537616 0.15054499 0.         0.56407885 0.        ]
217,[[0. 0. 0. 1. 0.]],[0.3 0.1 0.  0.6 0. ],[0.35338161 0.13621874 0.         0.51039965 0.        ]
218,[[0. 0. 0. 1. 0.]],[0.3 0.1 0.  0.6 0. ],[0.3197529  0.12325581 0.         0.55699129 0.        ]
219,[[0. 0. 0. 1. 0.]],[0.3 0.1 0.  0.6 0. ],[0.28932439 0.11152647 0.         0.59914914 0.        ]
220,[[0. 0. 0. 1. 0.]],[0.3 0.1 0.  0.6 0. ],[0.26179153 0.10091332 0.         0.63729514 0.        ]
221,[[0. 0. 0. 1. 0.]],[0.2 0.1 0.  0.7 0. ],[0.13596545 0.09131015 0.         0.7727244  0.        ]
222,[[0. 0. 0. 1. 0.]],[0.2 0.  0.  0.8 0. ],[0.21818921 0.         0.         0.78181079 0.        ]
223,[[0. 1. 0. 0. 0.]],[0.2 0.1 0.  0.7 0. ],[0.19742576 0.06764422 0.         0.73493001 0.        ]
224,[[0. 1. 0. 0. 0.]],[0.1 0.2 0.  0.7 0. ],[0.12325581 0.21175201 0.         0.66499218 0.        ]
225,[[0. 0. 0. 1. 0.]],[0.1 0.2 0.  0.7 0. ],[0.11152647 0.28676373 0.         0.6017098  0.        ]
226,[[0. 0. 0. 1. 0.]],[0.  0.2 0.  0.8 0. ],[0.         0.25947455 0.         0.74052545 0.        ]
227,[[0. 1. 0. 0. 0.]],[0.  0.3 0.  0.7 0. ],[0.         0.31740312 0.         0.68259688 0.        ]
228,[[1. 0. 0. 0. 0.]],[0.1 0.3 0.  0.6 0. ],[0.06764422 0.28719822 0.         0.64515755 0.        ]
229,[[0. 0. 0. 1. 0.]],[0.1 0.3 0.  0.6 0. ],[0.06120702 0.2598677  0.         0.67892528 0.        ]
230,[[0. 0. 0. 1. 0.]],[0.1 0.3 0.  0.6 0. ],[0.15054499 0.23513802 0.         0.614317   0.        ]
231,[[0. 0. 0. 0. 1.]],[0.1 0.3 0.  0.5 0.1],[0.13621874 0.30792426 0.         0.45494368 0.10091332]
232,[[0. 0. 0. 1. 0.]],[0.1 0.3 0.  0.5 0.1],[0.12325581 0.27862139 0.         0.50681265 0.09131015]
233,[[0. 0. 0. 1. 0.]],[0.1 0.2 0.  0.6 0.1],[0.11152647 0.18446284 0.         0.62138985 0.08262084]
234,[[0. 0. 0. 1. 0.]],[0.1 0.1 0.  0.7 0.1],[0.10091332 0.11152647 0.         0.71280178 0.07475843]
235,[[0. 0. 0. 1. 0.]],[0.1 0.1 0.  0.7 0.1],[0.09131015 0.10091332 0.         0.7401323  0.06764422]
236,[[0. 0. 0. 1. 0.]],[0.1 0.1 0.  0.7 0.1],[0.08262084 0.09131015 0.         0.76486198 0.06120702]
237,[[0. 0. 0. 0. 1.]],[0.1 0.  0.  0.7 0.2],[0.07475843 0.         0.         0.69207574 0.23316583]
238,[[1. 0. 0. 0. 0.]],[0.1 0.  0.  0.7 0.2],[0.06764422 0.         0.         0.72137861 0.21097717]
239,[[0. 0. 0. 1. 0.]],[0.1 0.  0.  0.7 0.2],[0.06120702 0.         0.         0.74789294 0.19090003]
240,[[0. 0. 0. 1. 0.]],[0.1 0.  0.  0.7 0.2],[0.15054499 0.         0.         0.67672152 0.17273349]
241,[[0. 0. 0. 1. 0.]],[0.1 0.  0.  0.8 0.1],[0.13621874 0.         0.         0.71323627 0.15054499]
242,[[0. 1. 0. 0. 0.]],[0.1 0.1 0.  0.7 0.1],[0.12325581 0.08262084 0.         0.65790461 0.13621874]
243,[[0. 0. 0. 0. 1.]],[0.1 0.1 0.  0.6 0.2],[0.11152647 0.07475843 0.         0.62281507 0.19090003]
244,[[0. 0. 0. 1. 0.]],[0.1 0.1 0.  0.6 0.2],[0.10091332 0.06764422 0.         0.65870896 0.17273349]
245,[[0. 0. 0. 0. 1.]],[0.1 0.1 0.  0.5 0.3],[0.09131015 0.06120702 0.         0.4727687  0.37471412]
246,[[0. 0. 0. 0. 1.]],[0.1 0.1 0.  0.4 0.4],[0.08262084 0.15054499 0.         0.32686549 0.43996868]
247,[[0. 0. 0. 1. 0.]],[0.1 0.1 0.  0.5 0.3],[0.07475843 0.13621874 0.         0.47354355 0.31547929]
248,[[0. 0. 0. 1. 0.]],[0.  0.1 0.  0.6 0.3],[0.         0.12325581 0.         0.59128673 0.28545746]
249,[[0. 0. 0. 0. 1.]],[0.  0.1 0.  0.5 0.4],[0.         0.11152647 0.         0.47963595 0.40883758]
250,[[0. 0. 0. 1. 0.]],[0.  0.1 0.  0.5 0.4],[0.         0.10091332 0.         0.52915514 0.36993154]
251,[[0. 0. 0. 1. 0.]],[0.  0.1 0.  0.5 0.4],[0.         0.09131015 0.         0.57396195 0.3347279 ]
252,[[0. 1. 0. 0. 0.]],[0.  0.1 0.  0.5 0.4],[0.         0.08262084 0.         0.51934225 0.39803691]
253,[[0. 0. 0. 1. 0.]],[0.  0.1 0.  0.6 0.3],[0.         0.07475843 0.         0.53756452 0.38767705]
254,[[0. 1. 0. 0. 0.]],[0.  0.2 0.  0.5 0.3],[0.         0.21818921 0.         0.43102609 0.3507847 ]
255,[[0. 0. 0. 1. 0.]],[0.  0.2 0.  0.6 0.2],[0.         0.19742576 0.         0.60842693 0.19414731]
256,[[0. 0. 0. 1. 0.]],[0.  0.2 0.  0.7 0.1],[0.         0.2738008  0.         0.65144077 0.07475843]
257,[[0. 0. 0. 1. 0.]],[0.  0.2 0.  0.7 0.1],[0.         0.24774521 0.         0.68461057 0.06764422]
258,[[0. 0. 0. 1. 0.]],[0.  0.2 0.  0.7 0.1],[0.         0.22416913 0.         0.71462384 0.06120702]
259,[[0. 0. 0. 1. 0.]],[0.  0.2 0.  0.8 0. ],[0.         0.20283662 0.         0.79716338 0.        ]
260,[[0. 0. 0. 1. 0.]],[0.  0.2 0.  0.8 0. ],[0.         0.18353416 0.         0.81646584 0.        ]
261,[[0. 0. 0. 1. 0.]],[0.  0.2 0.  0.8 0. ],[0.         0.16606858 0.         0.83393142 0.        ]
262,[[0. 0. 0. 1. 0.]],[0.  0.1 0.  0.9 0. ],[0.         0.06764422 0.         0.93235578 0.        ]
263,[[0. 0. 0. 0. 1.]],[0.  0.1 0.  0.8 0.1],[0.         0.06120702 0.         0.87114875 0.06764422]
264,[[0. 0. 0. 1. 0.]],[0.  0.  0.  0.9 0.1],[0.         0.         0.         0.93879298 0.06120702]
265,[[0. 0. 0. 0. 1.]],[0.  0.  0.  0.8 0.2],[0.        0.        0.        0.7261992 0.2738008]
266,[[0. 0. 0. 1. 0.]],[0.  0.  0.  0.8 0.2],[0.         0.         0.         0.75225479 0.24774521]
267,[[0. 0. 0. 1. 0.]],[0.  0.  0.  0.8 0.2],[0.         0.         0.         0.77583087 0.22416913]
268,[[0. 0. 0. 1. 0.]],[0.  0.  0.  0.8 0.2],[0.         0.         0.         0.79716338 0.20283662]
269,[[0. 0. 0. 1. 0.]],[0.  0.  0.  0.8 0.2],[0.         0.         0.         0.81646584 0.18353416]
270,[[0. 1. 0. 0. 0.]],[0.  0.1 0.  0.7 0.2],[0.         0.12325581 0.         0.71067561 0.16606858]
271,[[0. 0. 1. 0. 0.]],[0.  0.1 0.1 0.6 0.2],[0.         0.11152647 0.10091332 0.63729514 0.15026506]
272,[[0. 0. 0. 1. 0.]],[0.  0.1 0.1 0.6 0.2],[0.         0.10091332 0.09131015 0.67181107 0.13596545]
273,[[0. 0. 0. 0. 1.]],[0.  0.1 0.1 0.6 0.2],[0.         0.09131015 0.08262084 0.6078798  0.21818921]
274,[[0. 0. 0. 0. 1.]],[0.  0.1 0.1 0.5 0.3],[0.         0.08262084 0.07475843 0.49464998 0.34797075]
275,[[0. 0. 0. 0. 1.]],[0.  0.1 0.1 0.5 0.3],[0.         0.07475843 0.06764422 0.44757781 0.41001954]
276,[[0. 0. 0. 0. 1.]],[0.  0.1 0.1 0.4 0.4],[0.         0.06764422 0.06120702 0.39923441 0.47191434]
277,[[0. 0. 0. 0. 1.]],[0.  0.1 0.1 0.3 0.5],[0.         0.06120702 0.15054499 0.27862139 0.5096266 ]
278,[[0. 0. 0. 0. 1.]],[0.  0.1 0.1 0.2 0.6],[0.         0.15054499 0.13621874 0.18446284 0.52877344]
279,[[0. 0. 1. 0. 0.]],[0.  0.1 0.2 0.1 0.6],[0.         0.13621874 0.2738008  0.11152647 0.47845399]
280,[[0. 0. 0. 1. 0.]],[0.  0.  0.2 0.2 0.6],[0.         0.         0.24774521 0.22416913 0.52808566]
281,[[0. 0. 0. 0. 1.]],[0.  0.  0.1 0.2 0.7],[0.         0.         0.12325581 0.20283662 0.67390757]
282,[[0. 1. 0. 0. 0.]],[0.  0.1 0.1 0.1 0.7],[0.         0.08262084 0.11152647 0.10091332 0.70493937]
283,[[0. 0. 0. 0. 1.]],[0.  0.1 0.1 0.1 0.7],[0.         0.07475843 0.10091332 0.09131015 0.7330181 ]
284,[[0. 0. 1. 0. 0.]],[0.  0.1 0.2 0.1 0.6],[0.         0.06764422 0.24185514 0.08262084 0.6078798 ]
285,[[0. 0. 0. 1. 0.]],[0.  0.1 0.2 0.2 0.5],[0.         0.06120702 0.21883958 0.19801424 0.52193916]
286,[[0. 0. 0. 0. 1.]],[0.  0.1 0.2 0.2 0.5],[0.         0.15054499 0.19801424 0.17917069 0.47227008]
287,[[0. 0. 0. 0. 1.]],[0.  0.1 0.2 0.2 0.5],[0.         0.13621874 0.17917069 0.16212035 0.52249022]
288,[[0. 0. 0. 1. 0.]],[0.  0.1 0.2 0.3 0.4],[0.         0.12325581 0.16212035 0.30949936 0.40512448]
289,[[0. 0. 0. 0. 1.]],[0.  0.1 0.1 0.3 0.5],[0.         0.11152647 0.09131015 0.2800466  0.51711677]
290,[[0. 0. 0. 0. 1.]],[0.  0.1 0.1 0.2 0.6],[0.         0.10091332 0.08262084 0.22530342 0.59116242]
291,[[0. 0. 1. 0. 0.]],[0.  0.1 0.2 0.2 0.5],[0.         0.09131015 0.17567175 0.20386296 0.52915514]
292,[[0. 0. 0. 0. 1.]],[0.  0.  0.2 0.2 0.6],[0.         0.         0.15895437 0.18446284 0.65658279]
293,[[0. 0. 0. 0. 1.]],[0.  0.  0.2 0.2 0.6],[0.         0.         0.14382787 0.26207146 0.59410068]
294,[[0. 0. 0. 1. 0.]],[0.  0.  0.1 0.3 0.6],[0.         0.         0.07475843 0.38767705 0.53756452]
295,[[0. 0. 0. 0. 1.]],[0.  0.  0.1 0.2 0.7],[0.         0.         0.06764422 0.22752889 0.70482689]
296,[[0. 0. 0. 0. 1.]],[0.  0.  0.1 0.2 0.7],[0.         0.         0.06120702 0.20587665 0.73291632]
297,[[0. 0. 0. 0. 1.]],[0.  0.  0.1 0.2 0.7],[0.         0.         0.15054499 0.1862849  0.66317011]
298,[[0. 0. 0. 0. 1.]],[0.  0.  0.1 0.1 0.8],[0.         0.         0.13621874 0.10091332 0.76286794]
299,[[0. 0. 0. 0. 1.]],[0.  0.  0.1 0.1 0.8],[0.         0.         0.12325581 0.09131015 0.78543404]
300,[[0. 0. 0. 0. 1.]],[0.  0.  0.1 0.1 0.8],[0.         0.         0.11152647 0.08262084 0.80585269]
301,[[0. 0. 0. 0. 1.]],[0.  0.  0.  0.1 0.9],[0.         0.         0.         0.07475843 0.92524157]
302,[[0. 0. 0. 0. 1.]],[0.  0.  0.  0.1 0.9],[0.         0.         0.         0.06764422 0.93235578]
303,[[0.0000000e+00 0.0000000e+00 9.9999845e-01 0.0000000e+00 1.5294130e-06]],[0.         0.         0.09999985 0.1        0.80000015],[0.         0.         0.06764412 0.06120702 0.87114886]
304,[[0. 0. 0. 0. 1.]],[0.         0.         0.09999985 0.         0.90000015],[0.         0.         0.06120693 0.         0.93879307]
305,[[0. 0. 0. 0. 1.]],[0.         0.         0.09999985 0.         0.90000015],[0.         0.         0.15054476 0.         0.84945524]
306,[[0. 0. 0. 0. 1.]],[0.         0.         0.09999985 0.         0.90000015],[0.         0.         0.13621853 0.         0.86378147]
307,[[0. 0. 1. 0. 0.]],[0.         0.         0.19999985 0.         0.80000015],[0.         0.         0.20587646 0.         0.79412354]
308,[[0. 0. 0. 0. 1.]],[0.         0.         0.19999985 0.         0.80000015],[0.         0.         0.18628473 0.         0.81371527]
309,[[0. 0. 0. 0. 1.]],[0.         0.         0.19999985 0.         0.80000015],[0.         0.         0.16855739 0.         0.83144261]
310,[[0. 0. 0. 0. 1.]],[0.         0.         0.19999985 0.         0.80000015],[0.         0.         0.15251703 0.         0.84748297]
311,[[0. 0. 0. 0. 1.]],[0.         0.         0.19999985 0.         0.80000015],[0.        0.        0.2331657 0.        0.7668343]
312,[[0. 0. 0. 0. 1.]],[0.         0.         0.19999985 0.         0.80000015],[0.         0.         0.21097705 0.         0.78902295]
313,[[0. 0. 1. 0. 0.]],[0.  0.  0.2 0.  0.8],[0.         0.         0.19090003 0.         0.80909997]
314,[[0. 0. 0. 1. 0.]],[0.  0.  0.2 0.1 0.7],[0.         0.         0.17273349 0.15054499 0.67672152]
315,[[0. 0. 0. 1. 0.]],[0.  0.  0.2 0.2 0.6],[0.         0.         0.25145831 0.25947455 0.48906714]
316,[[0. 0. 0. 1. 0.]],[0.  0.  0.2 0.3 0.5],[0.         0.         0.22752889 0.3356956  0.43677551]
317,[[0. 0. 0. 1. 0.]],[0.  0.  0.1 0.4 0.5],[0.         0.         0.12325581 0.38637079 0.4903734 ]
318,[[0. 0. 0. 1. 0.]],[0.  0.  0.1 0.5 0.4],[0.         0.         0.11152647 0.41724697 0.47122656]
319,[[0. 0. 0. 1. 0.]],[0.  0.  0.1 0.6 0.3],[0.         0.         0.10091332 0.52808566 0.37100102]
320,[[0.0000000e+00 0.0000000e+00 0.0000000e+00 9.9999940e-01 6.0835913e-07]],[0.         0.         0.1        0.69999994 0.20000006],[0.         0.         0.09131015 0.69624998 0.21243987]
321,[[0. 0. 0. 1. 0.]],[0.         0.         0.1        0.79999994 0.10000006],[0.         0.         0.08262084 0.82606894 0.09131022]
322,[[0. 0. 0. 0. 1.]],[0.         0.         0.1        0.79999994 0.10000006],[0.         0.         0.07475843 0.84262067 0.0826209 ]
323,[[0. 0. 0. 0. 1.]],[0.         0.         0.         0.79999994 0.20000006],[0.         0.         0.         0.85759729 0.14240271]
324,[[0. 0. 0. 0. 1.]],[0.         0.         0.         0.69999994 0.30000006],[0.         0.         0.         0.72060371 0.27939629]
325,[[0. 0. 1. 0. 0.]],[0.         0.         0.1        0.59999994 0.30000006],[0.         0.         0.12325581 0.52877339 0.3479708 ]
326,[[0. 0. 0. 0. 1.]],[0.         0.         0.1        0.49999994 0.40000006],[0.         0.         0.11152647 0.37754063 0.5109329 ]
327,[[0. 0. 0. 0. 1.]],[0.         0.         0.1        0.39999994 0.50000006],[0.         0.         0.10091332 0.35415463 0.54493205]
328,[[0. 1. 0. 0. 0.]],[0.         0.1        0.1        0.29999994 0.50000006],[0.         0.06764422 0.09131015 0.34797066 0.49307497]
329,[[0. 0. 1. 0. 0.]],[0.         0.1        0.2        0.19999994 0.50000006],[0.         0.06120702 0.23316583 0.25947447 0.44615268]
330,[[0. 0. 1. 0. 0.]],[0.  0.1 0.3 0.1 0.5],[0.         0.15054499 0.33423298 0.11152647 0.40369556]
331,[[0.0000000e+00 0.0000000e+00 0.0000000e+00 6.9221824e-05 9.9993074e-01]],"[0.00000000e+00 1.00000000e-01 3.00000001e-01 6.92218239e-06
 5.99993076e-01]","[0.00000000e+00 1.36218739e-01 3.02426506e-01 6.98540430e-06
 5.61347769e-01]"
332,[[0. 0. 0. 0. 1.]],"[0.00000000e+00 1.00000000e-01 3.00000001e-01 6.92218239e-06
 5.99993076e-01]","[0.00000000e+00 1.23255812e-01 2.73646819e-01 6.32065519e-06
 6.03091048e-01]"
333,[[0. 0. 0. 1. 0.]],[0.         0.1        0.3        0.10000692 0.49999308],[0.         0.11152647 0.34276846 0.06764994 0.47805512]
334,[[0. 0. 0. 1. 0.]],[0.         0.1        0.3        0.20000692 0.39999308],[0.         0.10091332 0.31014973 0.21175719 0.37717976]
335,[[0. 0. 0. 0. 1.]],[0.         0.1        0.2        0.20000692 0.49999308],[0.         0.09131015 0.15737927 0.28676841 0.46454217]
336,[[0. 0. 0. 0. 1.]],[0.         0.1        0.2        0.20000692 0.49999308],[0.         0.08262084 0.14240265 0.25947879 0.51549772]
337,[[0. 0. 0. 0. 1.]],[0.         0.1        0.2        0.20000692 0.49999308],[0.         0.07475843 0.12885125 0.2347927  0.56159762]
338,[[0. 0. 0. 0. 1.]],[0.         0.         0.2        0.20000692 0.59999308],[0.         0.         0.21175201 0.21244922 0.57579876]
339,[[0. 0. 0. 1. 0.]],[0.         0.         0.1        0.30000692 0.59999308],[0.         0.         0.13621874 0.342777   0.52100427]
340,[[0. 0. 0. 0. 1.]],[0.         0.         0.         0.30000692 0.69999308],[0.         0.         0.         0.31015745 0.68984255]
341,[[0. 0. 0. 0. 1.]],[0.  0.  0.  0.3 0.7],[0.         0.         0.         0.28063508 0.71936492]
342,[[0. 0. 0. 1. 0.]],[0.  0.  0.  0.4 0.6],[0.         0.         0.         0.33654996 0.66345004]
343,[[0. 0. 0. 0. 1.]],[0.  0.  0.  0.3 0.7],[0.         0.         0.         0.23687878 0.76312122]
344,[[0. 0. 0. 1. 0.]],[0.  0.  0.  0.3 0.7],[0.         0.         0.         0.30949936 0.69050064]
345,[[0. 0. 0. 0. 1.]],[0.  0.  0.  0.3 0.7],[0.        0.        0.        0.2800466 0.7199534]
346,[[0. 0. 0. 1. 0.]],[0.  0.  0.  0.4 0.6],[0.         0.         0.         0.44947255 0.55052745]
347,[[0. 0. 0. 1. 0.]],[0.  0.  0.  0.5 0.5],[0.         0.         0.         0.48932042 0.51067958]
348,[[0. 0. 0. 0. 1.]],[0.  0.  0.  0.5 0.5],[0.         0.         0.         0.44275543 0.55724457]
349,[[0. 0. 1. 0. 0.]],[0.  0.  0.1 0.4 0.5],[0.         0.         0.15054499 0.34523927 0.50421574]
350,[[0. 0. 0. 0. 1.]],[0.  0.  0.1 0.4 0.5],[0.         0.         0.13621874 0.31238541 0.55139585]
351,[[0. 0. 0. 0. 1.]],[0.  0.  0.1 0.4 0.5],[0.         0.         0.12325581 0.37782059 0.4989236 ]
352,[[0. 0. 0. 0. 1.]],[0.  0.  0.1 0.3 0.6],[0.         0.         0.11152647 0.35440795 0.53406558]
353,[[0. 0. 0. 0. 1.]],[0.  0.  0.1 0.3 0.6],[0.         0.         0.10091332 0.32068157 0.5784051 ]
354,[[0. 0. 0. 0. 1.]],[0.  0.  0.1 0.2 0.7],[0.         0.         0.09131015 0.23478228 0.67390757]
355,[[0. 0. 0. 1. 0.]],[0.  0.  0.1 0.3 0.6],[0.         0.         0.08262084 0.3356956  0.58168355]
356,[[0. 0. 0. 1. 0.]],[0.  0.  0.1 0.3 0.6],[0.         0.         0.07475843 0.30374994 0.62149163]
357,[[0. 0. 0. 0. 1.]],[0.  0.  0.1 0.2 0.7],[0.         0.         0.06764422 0.19222347 0.7401323 ]
358,[[0. 0. 0. 0. 1.]],[0.  0.  0.1 0.2 0.7],[0.         0.         0.06120702 0.17393099 0.76486198]
359,[[0. 0. 0. 0. 1.]],[0.  0.  0.  0.2 0.8],[0.         0.         0.         0.15737927 0.84262073]
360,[[0. 0. 0. 0. 1.]],[0.  0.  0.  0.2 0.8],[0.         0.         0.         0.14240265 0.85759735]
361,[[0. 0. 0. 0. 1.]],[0.  0.  0.  0.2 0.8],[0.         0.         0.         0.12885125 0.87114875]
362,[[0. 0. 0. 0. 1.]],[0.  0.  0.  0.2 0.8],[0.         0.         0.         0.21175201 0.78824799]
363,[[0. 0. 0. 0. 1.]],[0.  0.  0.  0.2 0.8],[0.         0.         0.         0.28676373 0.71323627]
364,[[0. 0. 0. 0. 1.]],[0.  0.  0.  0.2 0.8],[0.         0.         0.         0.25947455 0.74052545]
365,[[0. 0. 0. 0. 1.]],[0.  0.  0.  0.1 0.9],[0.         0.         0.         0.11152647 0.88847353]
366,[[0. 0. 0. 0. 1.]],[0. 0. 0. 0. 1.],[0. 0. 0. 0. 1.]
367,[[0. 0. 0. 0. 1.]],[0. 0. 0. 0. 1.],[0. 0. 0. 0. 1.]
368,[[0. 0. 0. 1. 0.]],[0.  0.  0.  0.1 0.9],[0.         0.         0.         0.06764422 0.93235578]
369,[[0. 0. 0. 1. 0.]],[0.  0.  0.  0.2 0.8],[0.         0.         0.         0.21175201 0.78824799]
370,[[0. 0. 0. 0. 1.]],[0.  0.  0.  0.2 0.8],[0.         0.         0.         0.28676373 0.71323627]
371,[[0. 0. 0. 1. 0.]],[0.  0.  0.  0.3 0.7],[0.         0.         0.         0.36038787 0.63961213]
372,[[0. 0. 0. 0. 1.]],[0.  0.  0.  0.3 0.7],[0.         0.         0.         0.32609243 0.67390757]
373,[[0. 0. 0. 0. 1.]],[0.  0.  0.  0.3 0.7],[0.         0.         0.         0.29506063 0.70493937]
374,[[0. 0. 0. 1. 0.]],[0.  0.  0.  0.4 0.6],[0.         0.         0.         0.41752689 0.58247311]
375,[[0. 0. 0. 1. 0.]],[0.  0.  0.  0.5 0.5],[0.         0.         0.         0.50104977 0.49895023]
376,[[0. 0. 0. 1. 0.]],[0.  0.  0.  0.6 0.4],[0.        0.        0.        0.5542819 0.4457181]
377,[[0.0000000e+00 0.0000000e+00 0.0000000e+00 7.8795914e-11 1.0000000e+00]],[0.  0.  0.  0.6 0.4],[0.         0.         0.         0.59669758 0.40330242]
378,[[0. 0. 1. 0. 0.]],[0.  0.  0.1 0.5 0.4],[0.         0.         0.06764422 0.47227008 0.4600857 ]
379,[[0. 0. 0. 0. 1.]],[0.  0.  0.1 0.4 0.5],[0.         0.         0.06120702 0.37194523 0.56684774]
380,[[0. 0. 0. 1. 0.]],[0.  0.  0.1 0.5 0.4],[0.         0.         0.15054499 0.45980577 0.38964924]
381,[[0. 0. 1. 0. 0.]],[0.  0.  0.2 0.4 0.4],[0.         0.         0.23713206 0.31513615 0.44773179]
382,[[0. 0. 0. 0. 1.]],[0.  0.  0.2 0.4 0.4],[0.         0.         0.21456596 0.38030956 0.40512448]
383,[[0. 0. 1. 0. 0.]],[0.  0.  0.3 0.4 0.3],[0.         0.         0.26179153 0.4392809  0.29892756]
384,[[0. 0. 0. 1. 0.]],[0.  0.  0.3 0.4 0.3],[0.         0.         0.23687878 0.49264038 0.27048084]
385,[[0. 1. 0. 0. 0.]],[0.  0.1 0.3 0.3 0.3],[0.         0.12325581 0.30949936 0.32250364 0.24474119]
386,[[0. 1. 0. 0. 0.]],[0.  0.2 0.3 0.2 0.3],[0.         0.21243979 0.2800466  0.19090003 0.31661357]
387,[[0. 0. 0. 0. 1.]],[0.  0.2 0.3 0.2 0.3],[0.         0.19222347 0.34855923 0.17273349 0.2864838 ]
388,[[0. 0. 0. 0. 1.]],[0.  0.2 0.2 0.2 0.4],[0.         0.17393099 0.24774521 0.25145831 0.32686549]
389,[[0. 0. 0. 0. 1.]],[0.  0.2 0.2 0.2 0.4],[0.         0.15737927 0.22416913 0.22752889 0.39092271]
390,[[0. 0. 0. 0. 1.]],[0.  0.2 0.2 0.1 0.5],[0.         0.14240265 0.20283662 0.08262084 0.57213989]
391,[[0. 0. 0. 0. 1.]],[0.  0.2 0.1 0.1 0.6],[0.         0.12885125 0.08262084 0.07475843 0.71376948]
392,[[0. 0. 0. 0. 1.]],[0.  0.2 0.1 0.1 0.6],[0.         0.21175201 0.07475843 0.06764422 0.64584534]
393,[[0. 0. 0. 0. 1.]],[0.  0.2 0.  0.1 0.7],[0.         0.28676373 0.         0.06120702 0.65202925]
394,[[0. 0. 0. 1. 0.]],[0.  0.2 0.  0.1 0.7],[0.         0.25947455 0.         0.15054499 0.58998046]
395,[[0. 0. 0. 1. 0.]],[0.  0.1 0.  0.2 0.7],[0.         0.11152647 0.         0.25947455 0.62899898]
396,[[0. 0. 0. 1. 0.]],[0.  0.  0.  0.3 0.7],[0.        0.        0.        0.3356956 0.6643044]
397,[[0. 0. 0. 1. 0.]],[0.  0.  0.  0.4 0.6],[0.         0.         0.         0.38637079 0.61362921]
398,[[0. 0. 0. 1. 0.]],[0.  0.  0.  0.5 0.5],[0.         0.         0.         0.41724697 0.58275303]
399,[[0. 0. 0. 1. 0.]],[0.  0.  0.  0.6 0.4],[0.         0.         0.         0.52808566 0.47191434]
400,[[0. 0. 0. 1. 0.]],[0.  0.  0.  0.7 0.3],[0.         0.         0.         0.69625006 0.30374994]
401,[[0. 0. 0. 1. 0.]],[0.  0.  0.  0.8 0.2],[0.         0.         0.         0.82606901 0.17393099]
402,[[0. 0. 0. 1. 0.]],[0.  0.  0.  0.9 0.1],[0.         0.         0.         0.92524157 0.07475843]
403,[[0. 0. 0. 1. 0.]],[0. 0. 0. 1. 0.],[0. 0. 0. 1. 0.]
404,[[0. 0. 0. 1. 0.]],[0. 0. 0. 1. 0.],[0. 0. 0. 1. 0.]
405,[[0. 0. 0. 1. 0.]],[0. 0. 0. 1. 0.],[0. 0. 0. 1. 0.]
406,[[0. 0. 0. 1. 0.]],[0. 0. 0. 1. 0.],[0. 0. 0. 1. 0.]
407,[[0. 0. 0. 1. 0.]],[0. 0. 0. 1. 0.],[0. 0. 0. 1. 0.]
408,[[0. 0. 0. 1. 0.]],[0. 0. 0. 1. 0.],[0. 0. 0. 1. 0.]
409,[[0.000000e+00 0.000000e+00 0.000000e+00 1.000000e+00 8.375503e-11]],"[0.00000000e+00 0.00000000e+00 0.00000000e+00 1.00000000e+00
 8.37550307e-12]","[0.00000000e+00 0.00000000e+00 0.00000000e+00 1.00000000e+00
 1.26089001e-11]"
410,[[0.0000000e+00 3.8722154e-11 0.0000000e+00 0.0000000e+00 1.0000000e+00]],[0.0000000e+00 3.8722154e-12 0.0000000e+00 9.0000000e-01 1.0000000e-01],"[0.00000000e+00 4.77273051e-12 0.00000000e+00 8.76744189e-01
 1.23255811e-01]"
411,[[0. 0. 0. 1. 0.]],[0.0000000e+00 3.8722154e-12 0.0000000e+00 9.0000000e-01 1.0000000e-01],"[0.00000000e+00 4.31854515e-12 0.00000000e+00 8.88473530e-01
 1.11526470e-01]"
412,[[0. 0. 0. 1. 0.]],[0.0000000e+00 3.8722154e-12 0.0000000e+00 9.0000000e-01 1.0000000e-01],"[0.00000000e+00 3.90758124e-12 0.00000000e+00 8.99086677e-01
 1.00913323e-01]"
413,[[0. 0. 0. 1. 0.]],[0.0000000e+00 3.8722154e-12 0.0000000e+00 9.0000000e-01 1.0000000e-01],"[0.00000000e+00 3.53572572e-12 0.00000000e+00 9.08689849e-01
 9.13101509e-02]"
414,[[0. 0. 0. 1. 0.]],[0.0000000e+00 3.8722154e-12 0.0000000e+00 9.0000000e-01 1.0000000e-01],"[0.00000000e+00 3.19925693e-12 0.00000000e+00 9.17379159e-01
 8.26208412e-02]"
415,[[0. 0. 0. 1. 0.]],[0.0000000e+00 3.8722154e-12 0.0000000e+00 9.0000000e-01 1.0000000e-01],"[0.00000000e+00 2.89480738e-12 0.00000000e+00 9.25241571e-01
 7.47584286e-02]"
416,[[0. 0. 0. 1. 0.]],[0.0000000e+00 3.8722154e-12 0.0000000e+00 9.0000000e-01 1.0000000e-01],"[0.00000000e+00 2.61933004e-12 0.00000000e+00 9.32355776e-01
 6.76442235e-02]"
417,[[0. 0. 0. 1. 0.]],[0.0000000e+00 3.8722154e-12 0.0000000e+00 9.0000000e-01 1.0000000e-01],"[0.00000000e+00 2.37006783e-12 0.00000000e+00 9.38792975e-01
 6.12070246e-02]"
418,[[0. 0. 0. 1. 0.]],[0.0000000e+00 3.8722154e-12 0.0000000e+00 9.0000000e-01 1.0000000e-01],"[0.00000000e+00 5.82942620e-12 0.00000000e+00 8.49455012e-01
 1.50544988e-01]"
419,[[0. 0. 0. 1. 0.]],[0.0000000e+00 3.8722154e-12 0.0000000e+00 9.0000000e-01 1.0000000e-01],"[0.00000000e+00 5.27468295e-12 0.00000000e+00 8.63781262e-01
 1.36218738e-01]"
420,[[0. 0. 0. 1. 0.]],[0. 0. 0. 1. 0.],[0. 0. 0. 1. 0.]
421,[[0. 0. 0. 1. 0.]],[0. 0. 0. 1. 0.],[0. 0. 0. 1. 0.]
422,[[0. 0. 0. 0. 1.]],[0.  0.  0.  0.9 0.1],[0.         0.         0.         0.91737916 0.08262084]
423,[[0. 0. 0. 1. 0.]],[0.  0.  0.  0.9 0.1],[0.         0.         0.         0.92524157 0.07475843]
424,[[0. 0. 0. 1. 0.]],[0.  0.  0.  0.9 0.1],[0.         0.         0.         0.93235578 0.06764422]
425,[[0. 0. 0. 1. 0.]],[0.  0.  0.  0.9 0.1],[0.         0.         0.         0.93879298 0.06120702]
426,[[0. 0. 0. 1. 0.]],[0.  0.  0.  0.9 0.1],[0.         0.         0.         0.84945501 0.15054499]
427,[[0. 0. 0. 1. 0.]],[0.  0.  0.  0.9 0.1],[0.         0.         0.         0.86378126 0.13621874]
428,[[0. 0. 0. 1. 0.]],[0.  0.  0.  0.9 0.1],[0.         0.         0.         0.87674419 0.12325581]
429,[[0. 0. 0. 1. 0.]],[0.  0.  0.  0.9 0.1],[0.         0.         0.         0.88847353 0.11152647]
430,[[0. 0. 0. 1. 0.]],[0.  0.  0.  0.9 0.1],[0.         0.         0.         0.89908668 0.10091332]
431,[[0. 0. 0. 1. 0.]],[0.  0.  0.  0.9 0.1],[0.         0.         0.         0.90868985 0.09131015]
432,[[0. 0. 0. 1. 0.]],[0. 0. 0. 1. 0.],[0. 0. 0. 1. 0.]
433,[[0. 0. 0. 0. 1.]],[0.  0.  0.  0.9 0.1],[0.         0.         0.         0.93235578 0.06764422]
434,[[0. 0. 0. 1. 0.]],[0.  0.  0.  0.9 0.1],[0.         0.         0.         0.93879298 0.06120702]
435,[[0. 0. 0. 1. 0.]],[0.  0.  0.  0.9 0.1],[0.         0.         0.         0.84945501 0.15054499]
436,[[0. 0. 0. 1. 0.]],[0.  0.  0.  0.9 0.1],[0.         0.         0.         0.86378126 0.13621874]
437,[[0. 0. 0. 1. 0.]],[0.  0.  0.  0.9 0.1],[0.         0.         0.         0.87674419 0.12325581]
438,[[0. 0. 0. 1. 0.]],[0.  0.  0.  0.9 0.1],[0.         0.         0.         0.88847353 0.11152647]
439,[[0. 0. 0. 1. 0.]],[0.  0.  0.  0.9 0.1],[0.         0.         0.         0.89908668 0.10091332]
440,[[0. 0. 0. 1. 0.]],[0.  0.  0.  0.9 0.1],[0.         0.         0.         0.90868985 0.09131015]
441,[[0. 0. 0. 1. 0.]],[0.  0.  0.  0.9 0.1],[0.         0.         0.         0.91737916 0.08262084]
442,[[0. 0. 0. 1. 0.]],[0.  0.  0.  0.9 0.1],[0.         0.         0.         0.92524157 0.07475843]
443,[[0. 0. 0. 1. 0.]],[0. 0. 0. 1. 0.],[0. 0. 0. 1. 0.]
444,[[0. 0. 0. 1. 0.]],[0. 0. 0. 1. 0.],[0. 0. 0. 1. 0.]
445,[[0. 0. 0. 0. 1.]],[0.  0.  0.  0.9 0.1],[0.         0.         0.         0.87674419 0.12325581]
446,[[0. 0. 0. 0. 1.]],[0.  0.  0.  0.8 0.2],[0.         0.         0.         0.78756021 0.21243979]
447,[[0. 0. 0. 0. 1.]],[0.  0.  0.  0.7 0.3],[0.         0.         0.         0.72515568 0.27484432]
448,[[0. 0. 0. 0. 1.]],[0.  0.  0.  0.6 0.4],[0.         0.         0.         0.68366636 0.31633364]
449,[[0. 0. 0. 1. 0.]],[0.  0.  0.  0.6 0.4],[0.         0.         0.         0.71376948 0.28623052]
450,[[0. 0. 0. 0. 1.]],[0.  0.  0.  0.5 0.5],[0.         0.         0.         0.52258952 0.47741048]
451,[[0. 0. 0. 1. 0.]],[0.  0.  0.  0.5 0.5],[0.         0.         0.         0.47285856 0.52714144]
452,[[0. 0. 0. 1. 0.]],[0.  0.  0.  0.5 0.5],[0.         0.         0.         0.42786011 0.57213989]
453,[[0. 0. 0. 0. 1.]],[0.  0.  0.  0.4 0.6],[0.         0.         0.         0.31949962 0.68050038]
454,[[0. 0. 0. 1. 0.]],[0.  0.  0.  0.4 0.6],[0.         0.         0.         0.38425779 0.61574221]
455,[[0. 0. 0. 1. 0.]],[0.  0.  0.  0.5 0.5],[0.         0.         0.         0.47094664 0.52905336]
456,[[0. 0. 0. 1. 0.]],[0.  0.  0.  0.6 0.4],[0.         0.         0.         0.62220605 0.37779395]
457,[[0. 0. 0. 1. 0.]],[0.  0.  0.  0.7 0.3],[0.         0.         0.         0.74077874 0.25922126]
458,[[0. 0. 0. 1. 0.]],[0.  0.  0.  0.8 0.2],[0.         0.         0.         0.73792854 0.26207146]
459,[[0. 0. 0. 1. 0.]],[0.  0.  0.  0.8 0.2],[0.         0.         0.         0.76286794 0.23713206]
460,[[0. 0. 1. 0. 0.]],[0.  0.  0.1 0.8 0.1],[0.         0.         0.12325581 0.78543404 0.09131015]
461,[[0. 0. 1. 0. 0.]],[0.  0.  0.2 0.7 0.1],[0.         0.         0.21243979 0.70493937 0.08262084]
462,[[0. 0. 1. 0. 0.]],[0.  0.  0.3 0.6 0.1],[0.         0.         0.27484432 0.65039726 0.07475843]
463,[[0. 0. 0. 1. 0.]],[0.  0.  0.3 0.7 0. ],[0.         0.         0.24868942 0.75131058 0.        ]
464,[[0. 0. 1. 0. 0.]],[0.  0.  0.4 0.6 0. ],[0.         0.         0.37556848 0.62443152 0.        ]
465,[[0. 0. 1. 0. 0.]],[0.  0.  0.5 0.5 0. ],[0.         0.         0.46308423 0.53691577 0.        ]
466,[[0. 0. 0. 1. 0.]],[0.  0.  0.5 0.5 0. ],[0.         0.         0.51417852 0.48582148 0.        ]
467,[[0. 0. 0. 1. 0.]],[0.  0.  0.5 0.5 0. ],[0.         0.         0.56041054 0.43958946 0.        ]
468,[[0. 0. 0. 1. 0.]],[0.  0.  0.5 0.5 0. ],[0.         0.         0.60224301 0.39775699 0.        ]
469,[[0. 0. 0. 1. 0.]],[0.  0.  0.5 0.5 0. ],[0.         0.         0.54493201 0.45506799 0.        ]
470,[[0. 0. 0. 1. 0.]],[0.  0.  0.4 0.6 0. ],[0.         0.         0.36981906 0.63018094 0.        ]
471,[[0. 0. 0. 1. 0.]],[0.  0.  0.3 0.7 0. ],[0.        0.        0.2337128 0.7662872 0.       ]
472,[[0. 0. 0. 1. 0.]],[0.  0.  0.2 0.8 0. ],[0.         0.         0.12885125 0.87114875 0.        ]
473,[[0. 0. 0. 1. 0.]],[0.  0.  0.2 0.8 0. ],[0.         0.         0.21175201 0.78824799 0.        ]
474,[[0. 0. 0. 1. 0.]],[0.  0.  0.1 0.9 0. ],[0.         0.         0.13621874 0.86378126 0.        ]
475,[[0. 0. 0. 1. 0.]],[0. 0. 0. 1. 0.],[0. 0. 0. 1. 0.]
476,[[0. 0. 0. 1. 0.]],[0. 0. 0. 1. 0.],[0. 0. 0. 1. 0.]
477,[[0. 0. 0. 1. 0.]],[0. 0. 0. 1. 0.],[0. 0. 0. 1. 0.]
478,[[0. 0. 0. 1. 0.]],[0. 0. 0. 1. 0.],[0. 0. 0. 1. 0.]
479,[[0. 0. 0. 1. 0.]],[0. 0. 0. 1. 0.],[0. 0. 0. 1. 0.]
480,[[0. 0. 0. 1. 0.]],[0. 0. 0. 1. 0.],[0. 0. 0. 1. 0.]
481,[[0. 0. 0. 1. 0.]],[0. 0. 0. 1. 0.],[0. 0. 0. 1. 0.]
482,[[0. 0. 0. 1. 0.]],[0. 0. 0. 1. 0.],[0. 0. 0. 1. 0.]
483,[[0. 0. 0. 1. 0.]],[0. 0. 0. 1. 0.],[0. 0. 0. 1. 0.]
484,[[0. 0. 0. 1. 0.]],[0. 0. 0. 1. 0.],[0. 0. 0. 1. 0.]
485,[[0. 0. 0. 1. 0.]],[0. 0. 0. 1. 0.],[0. 0. 0. 1. 0.]
486,[[0. 0. 0. 1. 0.]],[0. 0. 0. 1. 0.],[0. 0. 0. 1. 0.]
487,[[0. 0. 0. 1. 0.]],[0. 0. 0. 1. 0.],[0. 0. 0. 1. 0.]
488,[[0. 0. 0. 1. 0.]],[0. 0. 0. 1. 0.],[0. 0. 0. 1. 0.]
489,[[0. 0. 1. 0. 0.]],[0.  0.  0.1 0.9 0. ],[0.         0.         0.15054499 0.84945501 0.        ]
490,[[0. 0. 0. 1. 0.]],[0.  0.  0.1 0.9 0. ],[0.         0.         0.13621874 0.86378126 0.        ]
491,[[0. 0. 0. 1. 0.]],[0.  0.  0.1 0.9 0. ],[0.         0.         0.12325581 0.87674419 0.        ]
492,[[0. 0. 0. 1. 0.]],[0.  0.  0.1 0.9 0. ],[0.         0.         0.11152647 0.88847353 0.        ]
493,[[0. 0. 0. 1. 0.]],[0.  0.  0.1 0.9 0. ],[0.         0.         0.10091332 0.89908668 0.        ]
494,[[0. 0. 0. 1. 0.]],[0.  0.  0.1 0.9 0. ],[0.         0.         0.09131015 0.90868985 0.        ]
495,[[0. 0. 0. 1. 0.]],[0.  0.  0.1 0.9 0. ],[0.         0.         0.08262084 0.91737916 0.        ]
496,[[0. 0. 0. 1. 0.]],[0.  0.  0.1 0.9 0. ],[0.         0.         0.07475843 0.92524157 0.        ]
497,[[0. 0. 0. 1. 0.]],[0.  0.  0.1 0.9 0. ],[0.         0.         0.06764422 0.93235578 0.        ]
498,[[0. 0. 0. 1. 0.]],[0.  0.  0.1 0.9 0. ],[0.         0.         0.06120702 0.93879298 0.        ]
499,[[0. 0. 0. 1. 0.]],[0. 0. 0. 1. 0.],[0. 0. 0. 1. 0.]
500,[[0. 0. 0. 1. 0.]],[0. 0. 0. 1. 0.],[0. 0. 0. 1. 0.]
501,[[0. 0. 0. 1. 0.]],[0. 0. 0. 1. 0.],[0. 0. 0. 1. 0.]
502,[[0. 0. 0. 1. 0.]],[0. 0. 0. 1. 0.],[0. 0. 0. 1. 0.]
503,[[0. 0. 0. 1. 0.]],[0. 0. 0. 1. 0.],[0. 0. 0. 1. 0.]
504,[[0. 0. 0. 1. 0.]],[0. 0. 0. 1. 0.],[0. 0. 0. 1. 0.]
505,[[0. 0. 0. 1. 0.]],[0. 0. 0. 1. 0.],[0. 0. 0. 1. 0.]
506,[[0. 0. 0. 1. 0.]],[0. 0. 0. 1. 0.],[0. 0. 0. 1. 0.]
507,[[0. 0. 0. 1. 0.]],[0. 0. 0. 1. 0.],[0. 0. 0. 1. 0.]
508,[[0. 0. 0. 1. 0.]],[0. 0. 0. 1. 0.],[0. 0. 0. 1. 0.]
509,[[0. 0. 0. 1. 0.]],[0. 0. 0. 1. 0.],[0. 0. 0. 1. 0.]
510,[[0. 0. 0. 1. 0.]],[0. 0. 0. 1. 0.],[0. 0. 0. 1. 0.]
511,[[0. 0. 0. 1. 0.]],[0. 0. 0. 1. 0.],[0. 0. 0. 1. 0.]
512,[[0. 0. 0. 1. 0.]],[0. 0. 0. 1. 0.],[0. 0. 0. 1. 0.]
513,[[0. 0. 1. 0. 0.]],[0.  0.  0.1 0.9 0. ],[0.         0.         0.06764422 0.93235578 0.        ]
514,[[0. 0. 1. 0. 0.]],[0.  0.  0.2 0.8 0. ],[0.         0.         0.21175201 0.78824799 0.        ]
515,[[0. 0. 0. 1. 0.]],[0.  0.  0.2 0.8 0. ],[0.         0.         0.28676373 0.71323627 0.        ]
516,[[0. 0. 0. 1. 0.]],[0.  0.  0.2 0.8 0. ],[0.         0.         0.25947455 0.74052545 0.        ]
517,[[0. 0. 0. 0. 1.]],[0.  0.  0.2 0.7 0.1],[0.         0.         0.23478228 0.68259688 0.08262084]
518,[[0. 0. 0. 1. 0.]],[0.  0.  0.2 0.7 0.1],[0.         0.         0.21243979 0.71280178 0.07475843]
519,[[0. 0. 0. 1. 0.]],[0.  0.  0.2 0.7 0.1],[0.         0.         0.19222347 0.7401323  0.06764422]
520,[[0. 0. 0. 1. 0.]],[0.  0.  0.2 0.7 0.1],[0.         0.         0.17393099 0.76486198 0.06120702]
521,[[0. 0. 0. 1. 0.]],[0.  0.  0.2 0.7 0.1],[0.         0.         0.15737927 0.69207574 0.15054499]
522,[[0. 0. 0. 1. 0.]],[0.  0.  0.2 0.7 0.1],[0.         0.         0.14240265 0.72137861 0.13621874]
523,[[0. 0. 0. 1. 0.]],[0.  0.  0.1 0.8 0.1],[0.         0.         0.06120702 0.81553716 0.12325581]
524,[[0. 0. 0. 1. 0.]],[0.  0.  0.  0.9 0.1],[0.         0.         0.         0.88847353 0.11152647]
525,[[0. 0. 0. 1. 0.]],[0.  0.  0.  0.9 0.1],[0.         0.         0.         0.89908668 0.10091332]
526,[[0. 0. 0. 1. 0.]],[0.  0.  0.  0.9 0.1],[0.         0.         0.         0.90868985 0.09131015]
527,[[0. 0. 0. 1. 0.]],[0. 0. 0. 1. 0.],[0. 0. 0. 1. 0.]
528,[[0. 0. 0. 1. 0.]],[0. 0. 0. 1. 0.],[0. 0. 0. 1. 0.]
529,[[0. 0. 0. 1. 0.]],[0. 0. 0. 1. 0.],[0. 0. 0. 1. 0.]
530,[[0. 0. 0. 1. 0.]],[0. 0. 0. 1. 0.],[0. 0. 0. 1. 0.]
531,[[0. 0. 0. 1. 0.]],[0. 0. 0. 1. 0.],[0. 0. 0. 1. 0.]
532,[[0. 0. 0. 1. 0.]],[0. 0. 0. 1. 0.],[0. 0. 0. 1. 0.]
533,[[0. 0. 0. 1. 0.]],[0. 0. 0. 1. 0.],[0. 0. 0. 1. 0.]
534,[[0. 0. 0. 1. 0.]],[0. 0. 0. 1. 0.],[0. 0. 0. 1. 0.]
535,[[0. 0. 0. 1. 0.]],[0. 0. 0. 1. 0.],[0. 0. 0. 1. 0.]
536,[[0. 0. 0. 1. 0.]],[0. 0. 0. 1. 0.],[0. 0. 0. 1. 0.]
537,[[0. 0. 0. 1. 0.]],[0. 0. 0. 1. 0.],[0. 0. 0. 1. 0.]
538,[[0. 0. 0. 1. 0.]],[0. 0. 0. 1. 0.],[0. 0. 0. 1. 0.]
539,[[0. 1. 0. 0. 0.]],[0.  0.1 0.  0.9 0. ],[0.         0.15054499 0.         0.84945501 0.        ]
540,[[1. 0. 0. 0. 0.]],[0.1 0.1 0.  0.8 0. ],[0.12325581 0.13621874 0.         0.74052545 0.        ]
541,[[0. 0. 0. 0. 1.]],[0.1 0.1 0.  0.7 0.1],[0.11152647 0.12325581 0.         0.6643044  0.10091332]
542,[[0. 0. 0. 1. 0.]],[0.1 0.1 0.  0.7 0.1],[0.10091332 0.11152647 0.         0.69625006 0.09131015]
543,[[0. 0. 0. 1. 0.]],[0.1 0.1 0.  0.7 0.1],[0.09131015 0.10091332 0.         0.72515568 0.08262084]
544,[[0. 0. 0. 1. 0.]],[0.1 0.1 0.  0.7 0.1],[0.08262084 0.09131015 0.         0.75131058 0.07475843]
545,[[0. 0. 0. 0. 1.]],[0.1 0.1 0.  0.6 0.2],[0.07475843 0.08262084 0.         0.6517207  0.19090003]
546,[[0. 0. 0. 0. 1.]],[0.1 0.1 0.  0.5 0.3],[0.06764422 0.07475843 0.         0.58395053 0.27364682]
547,[[0. 0. 0. 0. 1.]],[0.1 0.1 0.  0.4 0.4],[0.06120702 0.06764422 0.         0.44575945 0.4253893 ]
548,[[0. 0. 0. 0. 1.]],[0.1 0.1 0.  0.3 0.5],[0.15054499 0.06120702 0.         0.3356956  0.45255238]
549,[[0. 0. 0. 1. 0.]],[0.1 0.  0.  0.4 0.5],[0.13621874 0.         0.         0.45429493 0.40948633]
550,[[0. 0. 0. 0. 1.]],[0.  0.  0.  0.4 0.6],[0.         0.         0.         0.41106305 0.58893695]
551,[[0. 0. 0. 0. 1.]],[0.  0.  0.  0.4 0.6],[0.         0.         0.         0.37194523 0.62805477]
552,[[0. 0. 0. 0. 1.]],[0.  0.  0.  0.3 0.7],[0.         0.         0.         0.25392912 0.74607088]
553,[[0. 0. 0. 1. 0.]],[0.  0.  0.  0.3 0.7],[0.         0.         0.         0.22976457 0.77023543]
554,[[0. 0. 0. 1. 0.]],[0.  0.  0.  0.3 0.7],[0.         0.         0.         0.30306216 0.69693784]
555,[[0. 0. 0. 1. 0.]],[0.  0.  0.  0.4 0.6],[0.         0.         0.         0.49264038 0.50735962]
556,[[0. 0. 0. 1. 0.]],[0.  0.  0.  0.5 0.5],[0.         0.         0.         0.54667277 0.45332723]
557,[[0. 0. 0. 0. 1.]],[0.  0.  0.  0.5 0.5],[0.         0.         0.         0.49464998 0.50535002]
558,[[0. 0. 0. 1. 0.]],[0.  0.  0.  0.6 0.4],[0.         0.         0.         0.51522203 0.48477797]
559,[[0. 1. 0. 0. 0.]],[0.  0.1 0.  0.5 0.4],[0.         0.15054499 0.         0.41080977 0.43864524]
560,[[0. 0. 0. 1. 0.]],[0.  0.1 0.  0.6 0.3],[0.         0.13621874 0.         0.59013444 0.27364682]
561,[[0. 0. 0. 1. 0.]],[0.  0.1 0.  0.7 0.2],[0.         0.12325581 0.         0.63488905 0.24185514]
562,[[0. 0. 0. 1. 0.]],[0.  0.1 0.  0.8 0.1],[0.         0.11152647 0.         0.75225479 0.13621874]
563,[[0. 0. 0. 1. 0.]],[0.  0.1 0.  0.8 0.1],[0.         0.10091332 0.         0.77583087 0.12325581]
564,[[0. 1. 0. 0. 0.]],[0.  0.2 0.  0.7 0.1],[0.         0.24185514 0.         0.64661839 0.11152647]
565,[[0. 1. 0. 0. 0.]],[0.  0.3 0.  0.6 0.1],[0.         0.34209539 0.         0.55699129 0.10091332]
566,[[0. 0. 0. 1. 0.]],[0.  0.3 0.  0.6 0.1],[0.         0.30954071 0.         0.59914914 0.09131015]
567,[[0. 0. 0. 1. 0.]],[0.  0.3 0.  0.7 0. ],[0.         0.28008402 0.         0.71991598 0.        ]
568,[[0. 0. 0. 1. 0.]],[0.  0.3 0.  0.7 0. ],[0.        0.2534305 0.        0.7465695 0.       ]
569,[[0. 0. 0. 1. 0.]],[0.  0.2 0.  0.8 0. ],[0.         0.17393099 0.         0.82606901 0.        ]
570,[[0. 1. 0. 0. 0.]],[0.  0.3 0.  0.7 0. ],[0.         0.28063508 0.         0.71936492 0.        ]
571,[[0. 1. 0. 0. 0.]],[0.  0.4 0.  0.6 0. ],[0.         0.35484245 0.         0.64515755 0.        ]
572,[[0. 1. 0. 0. 0.]],[0.  0.5 0.  0.5 0. ],[0.         0.40369556 0.         0.59630444 0.        ]
573,[[0. 0. 0. 1. 0.]],[0.  0.5 0.  0.5 0. ],[0.         0.46044143 0.         0.53955857 0.        ]
574,[[0. 0. 0. 1. 0.]],[0.  0.4 0.  0.6 0. ],[0.         0.36124223 0.         0.63875777 0.        ]
575,[[0. 0. 0. 1. 0.]],[0.  0.3 0.  0.7 0. ],[0.         0.20360968 0.         0.79639032 0.        ]
576,[[0. 0. 0. 1. 0.]],[0.  0.3 0.  0.7 0. ],[0.         0.27939624 0.         0.72060376 0.        ]
577,[[0. 0. 0. 0. 1.]],[0.  0.3 0.  0.6 0.1],[0.         0.34797075 0.         0.56940841 0.08262084]
578,[[0. 0. 0. 0. 1.]],[0.  0.3 0.  0.5 0.2],[0.         0.41001954 0.         0.44757781 0.14240265]
579,[[0. 0. 0. 0. 1.]],[0.  0.3 0.  0.4 0.3],[0.         0.37100102 0.         0.34960274 0.27939624]
580,[[0. 0. 0. 1. 0.]],[0.  0.2 0.  0.5 0.3],[0.         0.21243979 0.         0.43958946 0.34797075]
581,[[0. 0. 0. 0. 1.]],[0.  0.1 0.  0.5 0.4],[0.         0.09131015 0.         0.39775699 0.51093286]
582,[[0. 0. 0. 0. 1.]],[0.  0.  0.  0.5 0.5],[0.         0.         0.         0.45506799 0.54493201]
583,[[0. 0. 0. 0. 1.]],[0.  0.  0.  0.4 0.6],[0.        0.        0.        0.4392809 0.5607191]
584,[[0. 1. 0. 0. 0.]],[0.  0.1 0.  0.3 0.6],[0.         0.15054499 0.         0.34209539 0.50735962]
585,[[0. 0. 0. 0. 1.]],[0.  0.1 0.  0.2 0.7],[0.         0.13621874 0.         0.1862849  0.67749636]
586,[[0. 0. 0. 0. 1.]],[0.  0.1 0.  0.1 0.8],[0.         0.12325581 0.         0.06764422 0.80909997]
587,[[0. 0. 0. 1. 0.]],[0.  0.1 0.  0.2 0.7],[0.         0.11152647 0.         0.14382787 0.74464566]
588,[[0. 0. 0. 0. 1.]],[0.  0.1 0.  0.2 0.7],[0.         0.10091332 0.         0.22530342 0.67378326]
589,[[0. 0. 0. 1. 0.]],[0.  0.1 0.  0.3 0.6],[0.         0.09131015 0.         0.35440795 0.5542819 ]
590,[[0. 0. 0. 1. 0.]],[0.  0.1 0.  0.3 0.6],[0.         0.08262084 0.         0.32068157 0.59669758]
591,[[0. 1. 0. 0. 0.]],[0.  0.2 0.  0.3 0.5],[0.         0.17567175 0.         0.38532727 0.43900098]
592,[[0. 0. 0. 1. 0.]],[0.  0.2 0.  0.4 0.4],[0.         0.15895437 0.         0.43127937 0.40976625]
593,[[0. 0. 0. 0. 1.]],[0.  0.2 0.  0.4 0.4],[0.         0.14382787 0.         0.39023771 0.46593442]
594,[[0. 0. 0. 1. 0.]],[0.  0.1 0.  0.5 0.4],[0.         0.07475843 0.         0.50364667 0.4215949 ]
595,[[0. 0. 0. 1. 0.]],[0.  0.1 0.  0.6 0.3],[0.         0.06764422 0.         0.57897417 0.35338161]
596,[[0. 0. 0. 1. 0.]],[0.  0.1 0.  0.7 0.2],[0.         0.06120702 0.         0.7199534  0.21883958]
597,[[0. 0. 0. 1. 0.]],[0.  0.1 0.  0.7 0.2],[0.         0.15054499 0.         0.65144077 0.19801424]
598,[[0. 0. 0. 1. 0.]],[0.  0.1 0.  0.8 0.1],[0.         0.13621874 0.         0.75225479 0.11152647]
599,[[0. 0. 0. 1. 0.]],[0.  0.1 0.  0.8 0.1],[0.         0.12325581 0.         0.77583087 0.10091332]
600,[[0. 0. 0. 1. 0.]],[0.  0.1 0.  0.8 0.1],[0.         0.11152647 0.         0.79716338 0.09131015]
601,[[0. 0. 0. 1. 0.]],[0.  0.  0.  0.9 0.1],[0.         0.         0.         0.91737916 0.08262084]
602,[[0. 0. 0. 1. 0.]],[0.  0.  0.  0.9 0.1],[0.         0.         0.         0.92524157 0.07475843]
603,[[0. 0. 0. 1. 0.]],[0. 0. 0. 1. 0.],[0. 0. 0. 1. 0.]
604,[[0. 0. 0. 0. 1.]],[0.  0.  0.  0.9 0.1],[0.         0.         0.         0.84945501 0.15054499]
605,[[0. 1. 0. 0. 0.]],[0.  0.1 0.  0.8 0.1],[0.         0.12325581 0.         0.74052545 0.13621874]
606,[[0. 0. 0. 1. 0.]],[0.  0.1 0.  0.8 0.1],[0.         0.11152647 0.         0.76521772 0.12325581]
607,[[0. 0. 0. 1. 0.]],[0.  0.1 0.  0.8 0.1],[0.         0.10091332 0.         0.78756021 0.11152647]
608,[[0. 0. 0. 1. 0.]],[0.  0.1 0.  0.8 0.1],[0.         0.09131015 0.         0.80777653 0.10091332]
609,[[0. 0. 0. 0. 1.]],[0.  0.1 0.  0.7 0.2],[0.         0.08262084 0.         0.67552402 0.24185514]
610,[[0. 0. 0. 1. 0.]],[0.  0.1 0.  0.7 0.2],[0.         0.07475843 0.         0.70640199 0.21883958]
611,[[0. 0. 0. 1. 0.]],[0.  0.1 0.  0.7 0.2],[0.         0.06764422 0.         0.73434154 0.19801424]
612,[[0. 0. 0. 1. 0.]],[0.  0.1 0.  0.7 0.2],[0.         0.06120702 0.         0.75962228 0.17917069]
613,[[0. 0. 0. 1. 0.]],[0.  0.1 0.  0.7 0.2],[0.         0.15054499 0.         0.68733466 0.16212035]
614,[[0. 0. 0. 0. 1.]],[0.  0.1 0.  0.7 0.2],[0.         0.13621874 0.         0.62192612 0.24185514]
615,[[0. 0. 0. 0. 1.]],[0.  0.  0.  0.7 0.3],[0.         0.         0.         0.65790461 0.34209539]
616,[[0. 0. 0. 0. 1.]],[0.  0.  0.  0.6 0.4],[0.         0.         0.         0.58954597 0.41045403]
617,[[0. 0. 0. 0. 1.]],[0.  0.  0.  0.5 0.5],[0.         0.         0.         0.54598499 0.45401501]
618,[[0. 0. 0. 0. 1.]],[0.  0.  0.  0.4 0.6],[0.         0.         0.         0.52154601 0.47845399]
619,[[0. 0. 0. 0. 1.]],[0.  0.  0.  0.4 0.6],[0.         0.         0.         0.47191434 0.52808566]
620,[[0. 0. 0. 0. 1.]],[0.  0.  0.  0.3 0.7],[0.         0.         0.         0.30374994 0.69625006]
621,[[0. 0. 0. 0. 1.]],[0.  0.  0.  0.2 0.8],[0.         0.         0.         0.17393099 0.82606901]
622,[[0. 0. 0. 0. 1.]],[0.  0.  0.  0.1 0.9],[0.         0.         0.         0.07475843 0.92524157]
623,[[0. 1. 0. 0. 0.]],[0.  0.1 0.  0.  0.9],[0.         0.06764422 0.         0.         0.93235578]
624,[[0. 0. 0. 0. 1.]],[0.  0.1 0.  0.  0.9],[0.         0.06120702 0.         0.         0.93879298]
625,[[0. 0. 0. 1. 0.]],[0.  0.1 0.  0.1 0.8],[0.         0.15054499 0.         0.12325581 0.7261992 ]
626,[[0. 0. 0. 1. 0.]],[0.  0.1 0.  0.2 0.7],[0.         0.13621874 0.         0.21243979 0.65134147]
627,[[0. 1. 0. 0. 0.]],[0.  0.2 0.  0.2 0.6],[0.         0.20587665 0.         0.19222347 0.60189987]
628,[[0. 1. 0. 0. 0.]],[0.  0.3 0.  0.2 0.5],[0.         0.25392912 0.         0.17393099 0.57213989]
629,[[0. 0. 0. 0. 1.]],[0.  0.3 0.  0.2 0.5],[0.         0.22976457 0.         0.15737927 0.61285616]
630,[[0. 0. 0. 0. 1.]],[0.  0.3 0.  0.2 0.5],[0.         0.30306216 0.         0.14240265 0.55453518]
631,[[0. 0. 0. 0. 1.]],[0.  0.3 0.  0.2 0.5],[0.         0.36938457 0.         0.12885125 0.50176418]
632,[[0. 0. 0. 0. 1.]],[0.  0.3 0.  0.2 0.5],[0.         0.33423298 0.         0.21175201 0.45401501]
633,[[0. 0. 0. 1. 0.]],[0.  0.2 0.  0.3 0.5],[0.         0.23478228 0.         0.35440795 0.41080977]
634,[[0. 0. 0. 0. 1.]],[0.  0.2 0.  0.3 0.5],[0.         0.21243979 0.         0.32068157 0.46687863]
635,[[0. 0. 0. 0. 1.]],[0.  0.2 0.  0.2 0.6],[0.         0.19222347 0.         0.26207146 0.54570507]
636,[[0. 0. 0. 0. 1.]],[0.  0.2 0.  0.1 0.7],[0.         0.17393099 0.         0.13621874 0.68985027]
637,[[0. 0. 0. 0. 1.]],[0.  0.1 0.  0.1 0.8],[0.         0.07475843 0.         0.12325581 0.80198576]
638,[[0. 0. 0. 0. 1.]],[0.  0.  0.  0.1 0.9],[0.         0.         0.         0.11152647 0.88847353]
639,[[0. 0. 0. 0. 1.]],[0.  0.  0.  0.1 0.9],[0.         0.         0.         0.10091332 0.89908668]
640,[[0. 0. 0. 0. 1.]],[0.  0.  0.  0.1 0.9],[0.         0.         0.         0.09131015 0.90868985]
641,[[0. 0. 0. 0. 1.]],[0.  0.  0.  0.1 0.9],[0.         0.         0.         0.08262084 0.91737916]
642,[[0. 0. 0. 0. 1.]],[0.  0.  0.  0.1 0.9],[0.         0.         0.         0.07475843 0.92524157]
643,[[0. 0. 0. 1. 0.]],[0.  0.  0.  0.1 0.9],[0.         0.         0.         0.06764422 0.93235578]
644,[[0. 0. 0. 0. 1.]],[0.  0.  0.  0.1 0.9],[0.         0.         0.         0.06120702 0.93879298]
645,[[0. 0. 0. 0. 1.]],[0.  0.  0.  0.1 0.9],[0.         0.         0.         0.15054499 0.84945501]
646,[[0. 1. 0. 0. 0.]],[0.  0.1 0.  0.1 0.8],[0.         0.10091332 0.         0.13621874 0.76286794]
647,[[0. 0. 0. 0. 1.]],[0.  0.1 0.  0.1 0.8],[0.         0.09131015 0.         0.12325581 0.78543404]
648,[[0. 0. 0. 0. 1.]],[0.  0.1 0.  0.1 0.8],[0.         0.08262084 0.         0.11152647 0.80585269]
649,[[0. 0. 0. 1. 0.]],[0.  0.1 0.  0.2 0.7],[0.         0.07475843 0.         0.25145831 0.67378326]
650,[[0. 0. 0. 0. 1.]],[0.  0.1 0.  0.2 0.7],[0.         0.06764422 0.         0.22752889 0.70482689]
651,[[0. 0. 0. 0. 1.]],[0.  0.1 0.  0.2 0.7],[0.         0.06120702 0.         0.20587665 0.73291632]
652,[[0. 0. 0. 0. 1.]],[0.  0.1 0.  0.2 0.7],[0.         0.15054499 0.         0.1862849  0.66317011]
653,[[0. 0. 0. 0. 1.]],[0.  0.1 0.  0.1 0.8],[0.         0.13621874 0.         0.10091332 0.76286794]
654,[[0. 0. 0. 0. 1.]],[0.  0.1 0.  0.1 0.8],[0.         0.12325581 0.         0.09131015 0.78543404]
655,[[0. 0. 0. 0. 1.]],[0.  0.1 0.  0.1 0.8],[0.         0.11152647 0.         0.08262084 0.80585269]
656,[[0.0000000e+00 0.0000000e+00 0.0000000e+00 1.0000000e+00 1.0656324e-37]],[0.  0.  0.  0.2 0.8],[0.         0.         0.         0.17567175 0.82432825]
657,[[0. 0. 0. 1. 0.]],[0.  0.  0.  0.3 0.7],[0.         0.         0.         0.24157522 0.75842478]
658,[[0. 0. 0. 1. 0.]],[0.  0.  0.  0.4 0.6],[0.         0.         0.         0.28623052 0.71376948]
